ContentDatabase,DirName,Extension,ExtensionForFile,Id,LeafName,ListId,SetupPath,SiteCollection,WebApplication,WebUrl,WFSVC_ListFile
PPE_AppsManagementSite_content_01,sites/DeleteSiteCheck/Style Library/Media Player,xaml,xaml,08b86dbb-f489-4e13-ab21-5d2b6b0377eb,AlternateMediaPlayer.xaml,2d8f8897-86df-4df7-b66b-2a53e5f724a3,Features\MediaWebPart\AlternateMediaPlayer.xaml,http://001d-cam-tap01:8899/sites/DeleteSiteCheck,http://001d-cam-tap01:8899/,http://001d-cam-tap01:8899/sites/DeleteSiteCheck,No
PPE_AppsManagementSite_content_01,Style Library/Media Player,xaml,xaml,4bdd576b-9739-4278-94e0-a0a3fd6c215f,AlternateMediaPlayer.xaml,e7c0339c-dce7-42a0-ae9c-2b11475ec82c,Features\MediaWebPart\AlternateMediaPlayer.xaml,http://001d-cam-tap01:8899/monitor.ppeapps-poc.com,http://001d-cam-tap01:8899/,http://001d-cam-tap01:8899/monitor.ppeapps-poc.com,No
PPE_AppsManagementSite_content_01,WhiteListedSandBoxSolutions/Style Library/Media Player,xaml,xaml,10c5967a-6560-4b4b-8e5c-b089878c212a,AlternateMediaPlayer.xaml,0fa73600-4d7b-4897-b828-896397081ee5,Features\MediaWebPart\AlternateMediaPlayer.xaml,http://001d-cam-tap01:8899/WhiteListedSandBoxSolutions,http://001d-cam-tap01:8899/,http://001d-cam-tap01:8899/WhiteListedSandBoxSolutions,No
Portal_Content_01,sites/AnubhavPublishing/Style Library/Media Player,xaml,xaml,03019f5a-5962-4d5f-bdf6-160fa7c2a0e3,AlternateMediaPlayer.xaml,a166e6bf-8c3f-45f2-b5dd-c15854cc900b,Features\MediaWebPart\AlternateMediaPlayer.xaml,https://intranet.poc.com/sites/AnubhavPublishing,https://intranet.poc.com/,https://intranet.poc.com/sites/AnubhavPublishing,No
Portal_Content_01,sites/RajIP/Style Library/Media Player,xaml,xaml,3a9777f2-68da-41be-86f2-189462852769,AlternateMediaPlayer.xaml,0393e002-ce5d-488b-9fd6-fa3ab99303c6,Features\MediaWebPart\AlternateMediaPlayer.xaml,https://intranet.poc.com/sites/RajIP,https://intranet.poc.com/,https://intranet.poc.com/sites/RajIP,No
Portal_Content_01,sites/TestSampleApp/Style Library/Media Player,xaml,xaml,0bb9429d-de86-4634-81e6-19b9a0e6fd5d,AlternateMediaPlayer.xaml,8419b2ba-5494-43ab-99fb-45ebbda9b968,Features\MediaWebPart\AlternateMediaPlayer.xaml,https://intranet.poc.com/sites/TestSampleApp,https://intranet.poc.com/,https://intranet.poc.com/sites/TestSampleApp,No
Portal_Content_01,sites/SampleAppMVC/Style Library/Media Player,xaml,xaml,51731b93-1b2a-4fc1-90b4-1ccadde09600,AlternateMediaPlayer.xaml,18287026-89f5-4453-942e-0c0b2186d062,Features\MediaWebPart\AlternateMediaPlayer.xaml,https://intranet.poc.com/sites/SampleAppMVC,https://intranet.poc.com/,https://intranet.poc.com/sites/SampleAppMVC,No
Portal_Content_01,sites/re/Style Library/Media Player,xaml,xaml,7cea3c4a-0a02-41e2-92d2-1ff3addc26f2,AlternateMediaPlayer.xaml,0e3e7a1d-d962-415c-8a89-464f1b25dd25,Features\MediaWebPart\AlternateMediaPlayer.xaml,https://intranet.poc.com/sites/re,https://intranet.poc.com/,https://intranet.poc.com/sites/re,No
Portal_Content_01,sites/testSite2/Style Library/Media Player,xaml,xaml,ff423bd1-2a09-4ccf-b328-25faebe1133f,AlternateMediaPlayer.xaml,1e7ca996-ff40-4b60-a0f9-55e156e934cd,Features\MediaWebPart\AlternateMediaPlayer.xaml,https://intranet.poc.com/sites/testSite2,https://intranet.poc.com/,https://intranet.poc.com/sites/testSite2,No
Portal_Content_01,sites/SampleApp3/Style Library/Media Player,xaml,xaml,954546b6-ccec-4fb7-ab8a-284d96abeab2,AlternateMediaPlayer.xaml,46ee0c59-c505-4de1-9232-0d6b6d3692c0,Features\MediaWebPart\AlternateMediaPlayer.xaml,https://intranet.poc.com/sites/SampleApp3,https://intranet.poc.com/,https://intranet.poc.com/sites/SampleApp3,No
Portal_Content_01,sites/SiteDeletionTesting7/Style Library/Media Player,xaml,xaml,341f1589-4cec-417f-a624-2e9771d83f0d,AlternateMediaPlayer.xaml,1a06e0a4-3400-4d29-bf19-a16424f322bc,Features\MediaWebPart\AlternateMediaPlayer.xaml,https://intranet.poc.com/sites/SiteDeletionTesting7,https://intranet.poc.com/,https://intranet.poc.com/sites/SiteDeletionTesting7,No
Portal_Content_01,sites/rajFiles/Style Library/Media Player,xaml,xaml,c71272a2-d4ca-40d6-981f-2fc261f7a886,AlternateMediaPlayer.xaml,84915c41-2c74-4c1a-9f83-288ce18e97ce,Features\MediaWebPart\AlternateMediaPlayer.xaml,https://intranet.poc.com/sites/rajFiles,https://intranet.poc.com/,https://intranet.poc.com/sites/rajFiles,No
Portal_Content_01,sites/testv/Style Library/Media Player,xaml,xaml,797d51d6-6a91-4c0c-b3c5-2fdafbe59e19,AlternateMediaPlayer.xaml,94b50885-8072-4bbf-b23d-fe730959faa9,Features\MediaWebPart\AlternateMediaPlayer.xaml,https://intranet.poc.com/sites/testv,https://intranet.poc.com/,https://intranet.poc.com/sites/testv,No
Portal_Content_01,sites/RajField1/Style Library/Media Player,xaml,xaml,779a6784-cd80-4e54-9bef-32499ad2e000,AlternateMediaPlayer.xaml,3d04d53f-c2e5-4109-9bec-5f80a000dd91,Features\MediaWebPart\AlternateMediaPlayer.xaml,https://intranet.poc.com/sites/RajField1,https://intranet.poc.com/,https://intranet.poc.com/sites/RajField1,No
Portal_Content_01,sites/RajTeam5/Style Library/Media Player,xaml,xaml,47bb0151-82bf-42ce-b8a6-329cca9a4541,AlternateMediaPlayer.xaml,33fe0aa4-b44d-4b1c-8fc0-ba27bced231c,Features\MediaWebPart\AlternateMediaPlayer.xaml,https://intranet.poc.com/sites/RajTeam5,https://intranet.poc.com/,https://intranet.poc.com/sites/RajTeam5,No
Portal_Content_01,sites/SC_Case2/Style Library/Media Player,xaml,xaml,11bd0c59-b447-49d9-8db7-3502fc8cce87,AlternateMediaPlayer.xaml,6317e061-7f9d-4d84-a7de-f89121d8c93c,Features\MediaWebPart\AlternateMediaPlayer.xaml,https://intranet.poc.com/sites/SC_Case2,https://intranet.poc.com/,https://intranet.poc.com/sites/SC_Case2,No
Portal_Content_01,sites/testHA/Style Library/Media Player,xaml,xaml,a0d4e4ca-6593-4ea0-9654-377378e6f6d7,AlternateMediaPlayer.xaml,42eac874-4e06-42c7-83aa-590e29fc9e50,Features\MediaWebPart\AlternateMediaPlayer.xaml,https://intranet.poc.com/sites/testHA,https://intranet.poc.com/,https://intranet.poc.com/sites/testHA,No
Portal_Content_01,sites/vidhi1920/Style Library/Media Player,xaml,xaml,19312017-8b5f-4865-814f-38459e331e37,AlternateMediaPlayer.xaml,e0e5cc7c-94e4-4896-a00f-5864729d86cb,Features\MediaWebPart\AlternateMediaPlayer.xaml,https://intranet.poc.com/sites/vidhi1920,https://intranet.poc.com/,https://intranet.poc.com/sites/vidhi1920,No
Portal_Content_01,sites/SudhaTeam2/Style Library/Media Player,xaml,xaml,106a7710-278f-405f-a26a-3964e5308675,AlternateMediaPlayer.xaml,9bc28623-fa5d-484f-a070-1df0c79509b9,Features\MediaWebPart\AlternateMediaPlayer.xaml,https://intranet.poc.com/sites/SudhaTeam2,https://intranet.poc.com/,https://intranet.poc.com/sites/SudhaTeam2,No
Portal_Content_01,sites/vidhiTest7/Style Library/Media Player,xaml,xaml,43274be7-deb2-4e34-8914-3a669e043fca,AlternateMediaPlayer.xaml,c803367b-4ff3-4f9d-bb14-1f6d61b9baff,Features\MediaWebPart\AlternateMediaPlayer.xaml,https://intranet.poc.com/sites/vidhiTest7,https://intranet.poc.com/,https://intranet.poc.com/sites/vidhiTest7,No
Portal_Content_01,sites/ty1/Style Library/Media Player,xaml,xaml,62f85da2-45c5-45d6-8f11-3d3b911ff7ad,AlternateMediaPlayer.xaml,7c076d8a-f01d-49a2-81bf-7785275dbcf8,Features\MediaWebPart\AlternateMediaPlayer.xaml,https://intranet.poc.com/sites/ty1,https://intranet.poc.com/,https://intranet.poc.com/sites/ty1,No
Portal_Content_01,sites/vidhiTest3/Style Library/Media Player,xaml,xaml,7960622f-6011-4a87-9c4b-3f9b78c367dd,AlternateMediaPlayer.xaml,ba377a59-5f8f-4d74-9fab-a66317d2886b,Features\MediaWebPart\AlternateMediaPlayer.xaml,https://intranet.poc.com/sites/vidhiTest3,https://intranet.poc.com/,https://intranet.poc.com/sites/vidhiTest3,No
Portal_Content_01,sites/devcenter/Style Library/Media Player,xaml,xaml,caf1d33f-0ce5-4236-bec8-415e940eea1d,AlternateMediaPlayer.xaml,4f2dcc92-347d-47c9-bc6a-9ef8e2ed9a93,Features\MediaWebPart\AlternateMediaPlayer.xaml,https://intranet.poc.com/sites/devcenter,https://intranet.poc.com/,https://intranet.poc.com/sites/devcenter,No
Portal_Content_01,sites/Anubhav_02Oct_3/Style Library/Media Player,xaml,xaml,4aa24354-3cf2-4b5c-adc5-444f2994a51f,AlternateMediaPlayer.xaml,5baa3847-c5aa-40a7-9568-cae670e2b983,Features\MediaWebPart\AlternateMediaPlayer.xaml,https://intranet.poc.com/sites/Anubhav_02Oct_3,https://intranet.poc.com/,https://intranet.poc.com/sites/Anubhav_02Oct_3,No
Portal_Content_01,sites/SiteDeletionTesting8/Style Library/Media Player,xaml,xaml,2cce16b5-edf2-475b-b3e7-4567bfed8359,AlternateMediaPlayer.xaml,42d3721c-307c-4af5-99e0-6f75e761acb9,Features\MediaWebPart\AlternateMediaPlayer.xaml,https://intranet.poc.com/sites/SiteDeletionTesting8,https://intranet.poc.com/,https://intranet.poc.com/sites/SiteDeletionTesting8,No
Portal_Content_01,sites/InfoPathTestSite/Style Library/Media Player,xaml,xaml,33d74407-7e54-4ec2-ab40-456882378278,AlternateMediaPlayer.xaml,0dfeba99-2078-4f86-95c2-924a30122617,Features\MediaWebPart\AlternateMediaPlayer.xaml,https://intranet.poc.com/sites/InfoPathTestSite,https://intranet.poc.com/,https://intranet.poc.com/sites/InfoPathTestSite,No
Portal_Content_01,sites/vidhiTest2/Style Library/Media Player,xaml,xaml,85d38224-6b3a-459d-b66e-4689df57081e,AlternateMediaPlayer.xaml,15256f6a-5bca-4ca1-b86b-9633a706cbad,Features\MediaWebPart\AlternateMediaPlayer.xaml,https://intranet.poc.com/sites/vidhiTest2,https://intranet.poc.com/,https://intranet.poc.com/sites/vidhiTest2,No
Portal_Content_01,sites/TestPublishingNGFieldType/Style Library/Media Player,xaml,xaml,bfe317ad-37aa-4804-bd4e-47be138e1268,AlternateMediaPlayer.xaml,b6c1a77b-0efc-4293-a684-4d24a53949eb,Features\MediaWebPart\AlternateMediaPlayer.xaml,https://intranet.poc.com/sites/TestPublishingNGFieldType,https://intranet.poc.com/,https://intranet.poc.com/sites/TestPublishingNGFieldType,No
Portal_Content_01,sites/vidhiTest5/Style Library/Media Player,xaml,xaml,0914defd-3ccc-4906-b82a-4cb56add6892,AlternateMediaPlayer.xaml,37719459-0d04-444e-a077-408435311bee,Features\MediaWebPart\AlternateMediaPlayer.xaml,https://intranet.poc.com/sites/vidhiTest5,https://intranet.poc.com/,https://intranet.poc.com/sites/vidhiTest5,No
Portal_Content_01,sites/Anubhav_4Feb_2016_1/Style Library/Media Player,xaml,xaml,e2d85730-23f3-4439-9241-4d8b3e151cf1,AlternateMediaPlayer.xaml,e2cafd94-3bb0-40f3-9bc9-f750416cfdc4,Features\MediaWebPart\AlternateMediaPlayer.xaml,https://intranet.poc.com/sites/Anubhav_4Feb_2016_1,https://intranet.poc.com/,https://intranet.poc.com/sites/Anubhav_4Feb_2016_1,No
Portal_Content_01,sites/SudhaContosoPublishingSite/Style Library/Media Player,xaml,xaml,2a7f2613-3e73-4189-a8ec-4ebefd8e482a,AlternateMediaPlayer.xaml,767a4dd8-da14-43c1-b22f-cbdcd6b7815c,Features\MediaWebPart\AlternateMediaPlayer.xaml,https://intranet.poc.com/sites/SudhaContosoPublishingSite,https://intranet.poc.com/,https://intranet.poc.com/sites/SudhaContosoPublishingSite,No
Portal_Content_01,sites/TestListContentType1/Style Library/Media Player,xaml,xaml,ac543267-dc8d-4efb-b5c8-530220cb4b83,AlternateMediaPlayer.xaml,03d1ccd1-c3b0-40a3-8bf9-886f270c55d9,Features\MediaWebPart\AlternateMediaPlayer.xaml,https://intranet.poc.com/sites/TestListContentType1,https://intranet.poc.com/,https://intranet.poc.com/sites/TestListContentType1,No
Portal_Content_01,sites/ty/Style Library/Media Player,xaml,xaml,d6663e83-d801-42f4-a915-54c8262251e1,AlternateMediaPlayer.xaml,fa86bb0c-6139-40f9-8e7d-7e5dd57ea8fa,Features\MediaWebPart\AlternateMediaPlayer.xaml,https://intranet.poc.com/sites/ty,https://intranet.poc.com/,https://intranet.poc.com/sites/ty,No
Portal_Content_01,sites/TestNGFieldTypeUsage/Style Library/Media Player,xaml,xaml,0711d337-9101-4572-b167-589101494cff,AlternateMediaPlayer.xaml,26153fb9-f5cc-4cea-936d-375acf1848d2,Features\MediaWebPart\AlternateMediaPlayer.xaml,https://intranet.poc.com/sites/TestNGFieldTypeUsage,https://intranet.poc.com/,https://intranet.poc.com/sites/TestNGFieldTypeUsage,No
Portal_Content_01,sites/ww/Style Library/Media Player,xaml,xaml,75f16c09-898f-4175-80a1-58eff2dcda8b,AlternateMediaPlayer.xaml,dccdc28b-dcb1-450b-886c-e1241503f5b9,Features\MediaWebPart\AlternateMediaPlayer.xaml,https://intranet.poc.com/sites/ww,https://intranet.poc.com/,https://intranet.poc.com/sites/ww,No
Portal_Content_01,sites/KTContosoPublishingSite/Style Library/Media Player,xaml,xaml,90241712-a30d-4f69-93fa-5a52f3bcfde6,AlternateMediaPlayer.xaml,1b205af7-b2af-44a0-b9a0-5acd261c6fcf,Features\MediaWebPart\AlternateMediaPlayer.xaml,https://intranet.poc.com/sites/KTContosoPublishingSite,https://intranet.poc.com/,https://intranet.poc.com/sites/KTContosoPublishingSite,No
Portal_Content_01,sites/Contentype_Overwrite2/Style Library/Media Player,xaml,xaml,b412aad6-6914-40b4-a53f-5c497d1c9e7c,AlternateMediaPlayer.xaml,fc45ecb4-784b-48b1-9acf-9ba23653f34e,Features\MediaWebPart\AlternateMediaPlayer.xaml,https://intranet.poc.com/sites/Contentype_Overwrite2,https://intranet.poc.com/,https://intranet.poc.com/sites/Contentype_Overwrite2,No
Portal_Content_01,sites/DiscoveryTool/wfsvc/2840ada569ca40519569c393fc0efe75,,,c2031adb-356b-41da-a1a1-5cffaea3584f,ItemAddedAssociation,a0c7b5df-b858-4eb7-bf40-ceaa08d860da,Features\CustomWFVS_Feature1\WorkflowVS\ItemAddedAssociation,https://intranet.poc.com/sites/DiscoveryTool,https://intranet.poc.com/,https://intranet.poc.com/sites/DiscoveryTool,Yes
Portal_Content_01,sites/TestDelSite3/Style Library/Media Player,xaml,xaml,a5400dbb-2838-4a1a-9b51-62793c5c28a5,AlternateMediaPlayer.xaml,fe8964e4-1759-4c2a-b63e-3f4f3d1d2f66,Features\MediaWebPart\AlternateMediaPlayer.xaml,https://intranet.poc.com/sites/TestDelSite3,https://intranet.poc.com/,https://intranet.poc.com/sites/TestDelSite3,No
Portal_Content_01,sites/SampleAppCSOM/Style Library/Media Player,xaml,xaml,bdea45a5-e7f1-4b09-bde9-6416971f1428,AlternateMediaPlayer.xaml,15493ac0-e987-41aa-a02d-6910d6646cf0,Features\MediaWebPart\AlternateMediaPlayer.xaml,https://intranet.poc.com/sites/SampleAppCSOM,https://intranet.poc.com/,https://intranet.poc.com/sites/SampleAppCSOM,No
Portal_Content_01,sites/SC_Case3/Style Library/Media Player,xaml,xaml,14335339-6a1c-4f15-a422-66be8c086ac7,AlternateMediaPlayer.xaml,168985b0-dad1-4105-b195-fc2bba62b64c,Features\MediaWebPart\AlternateMediaPlayer.xaml,https://intranet.poc.com/sites/SC_Case3,https://intranet.poc.com/,https://intranet.poc.com/sites/SC_Case3,No
Portal_Content_01,sites/AnubhavTeamSiteTest/Style Library/Media Player,xaml,xaml,4c9c21d4-c1a8-4c38-88fd-66d0380c61e1,AlternateMediaPlayer.xaml,571f3b31-39ec-4265-a1ae-34a1c31255e8,Features\MediaWebPart\AlternateMediaPlayer.xaml,https://intranet.poc.com/sites/AnubhavTeamSiteTest,https://intranet.poc.com/,https://intranet.poc.com/sites/AnubhavTeamSiteTest,No
Portal_Content_01,sites/TestSiteForWebPartTransformationToolEnterpriseBISite/Style Library/Media Player,xaml,xaml,f7ed5fbb-ae06-4470-ad3b-68af851aec25,AlternateMediaPlayer.xaml,9ee2c078-8e57-4920-9a38-766e40d0512f,Features\MediaWebPart\AlternateMediaPlayer.xaml,https://intranet.poc.com/sites/TestSiteForWebPartTransformationToolEnterpriseBISite,https://intranet.poc.com/,https://intranet.poc.com/sites/TestSiteForWebPartTransformationToolEnterpriseBISite,No
Portal_Content_01,sites/AmasterpageTest/Style Library/Media Player,xaml,xaml,85a5d7c7-c1dd-438f-8e08-6ae0ac066f1f,AlternateMediaPlayer.xaml,a6c242df-1b9c-4dfb-a14a-e8830639e61e,Features\MediaWebPart\AlternateMediaPlayer.xaml,https://intranet.poc.com/sites/AmasterpageTest,https://intranet.poc.com/,https://intranet.poc.com/sites/AmasterpageTest,No
Portal_Content_01,sites/Publishing/Style Library/Media Player,xaml,xaml,4c9bc3a9-93a4-4d27-b9c8-6e259634c5ae,AlternateMediaPlayer.xaml,42f9e8f3-9741-464b-ba08-42bcea9fd051,Features\MediaWebPart\AlternateMediaPlayer.xaml,https://intranet.poc.com/sites/Publishing,https://intranet.poc.com/,https://intranet.poc.com/sites/Publishing,No
Portal_Content_01,sites/TestListContentType2/Style Library/Media Player,xaml,xaml,38b25434-4a6d-4e89-ae77-6f253bd7037a,AlternateMediaPlayer.xaml,5353cefc-5e90-4294-ac2b-dafe7cd7f8cb,Features\MediaWebPart\AlternateMediaPlayer.xaml,https://intranet.poc.com/sites/TestListContentType2,https://intranet.poc.com/,https://intranet.poc.com/sites/TestListContentType2,No
Portal_Content_01,sites/Test2/Style Library/Media Player,xaml,xaml,28a45b3c-c402-46da-8427-739a3bb52561,AlternateMediaPlayer.xaml,4e160bbb-f0e6-43ff-b95f-e75b6fb8ae64,Features\MediaWebPart\AlternateMediaPlayer.xaml,https://intranet.poc.com/sites/Test2,https://intranet.poc.com/,https://intranet.poc.com/sites/Test2,No
Portal_Content_01,sites/TestListContentType3/Style Library/Media Player,xaml,xaml,8e3c432f-0363-4e2c-8a65-771671be7f31,AlternateMediaPlayer.xaml,4edc7c5e-46d8-4be5-bc87-7ba9a4cd9a20,Features\MediaWebPart\AlternateMediaPlayer.xaml,https://intranet.poc.com/sites/TestListContentType3,https://intranet.poc.com/,https://intranet.poc.com/sites/TestListContentType3,No
Portal_Content_01,sites/ListFormDemos/Style Library/Media Player,xaml,xaml,0a8e9463-2b3e-4c92-9352-789c3acec354,AlternateMediaPlayer.xaml,fe1509fa-5888-4865-83de-0ba51d397c83,Features\MediaWebPart\AlternateMediaPlayer.xaml,https://intranet.poc.com/sites/ListFormDemos,https://intranet.poc.com/,https://intranet.poc.com/sites/ListFormDemos,No
Portal_Content_01,sites/hh/Style Library/Media Player,xaml,xaml,9af5e109-22aa-44fa-9a82-795845bbc135,AlternateMediaPlayer.xaml,4d7e98f4-7e3e-418d-8cca-ed2035f94a60,Features\MediaWebPart\AlternateMediaPlayer.xaml,https://intranet.poc.com/sites/hh,https://intranet.poc.com/,https://intranet.poc.com/sites/hh,No
Portal_Content_01,sites/vidhiTest1/Style Library/Media Player,xaml,xaml,93f5283d-8452-430b-8544-7a4a930d735c,AlternateMediaPlayer.xaml,121f2976-0552-4e55-aa9a-efab371cb3f2,Features\MediaWebPart\AlternateMediaPlayer.xaml,https://intranet.poc.com/sites/vidhiTest1,https://intranet.poc.com/,https://intranet.poc.com/sites/vidhiTest1,No
Portal_Content_01,sites/delSite2/Style Library/Media Player,xaml,xaml,90d6f824-c41e-46b8-8904-7e663467fd04,AlternateMediaPlayer.xaml,12132943-8bfb-4ebd-a4be-cde585f09f02,Features\MediaWebPart\AlternateMediaPlayer.xaml,https://intranet.poc.com/sites/delSite2,https://intranet.poc.com/,https://intranet.poc.com/sites/delSite2,No
Portal_Content_01,sites/vidhiTest4/Style Library/Media Player,xaml,xaml,d7712ba1-9e59-4cb0-b18a-7f10e171580e,AlternateMediaPlayer.xaml,df4c47dd-a15c-4941-a08b-3f35d4c07fc3,Features\MediaWebPart\AlternateMediaPlayer.xaml,https://intranet.poc.com/sites/vidhiTest4,https://intranet.poc.com/,https://intranet.poc.com/sites/vidhiTest4,No
Portal_Content_01,sites/dd/Style Library/Media Player,xaml,xaml,acc5fc59-deba-4731-9f58-82987d60ea42,AlternateMediaPlayer.xaml,a282b6fe-a05c-4662-bd90-4879eeaaf513,Features\MediaWebPart\AlternateMediaPlayer.xaml,https://intranet.poc.com/sites/dd,https://intranet.poc.com/,https://intranet.poc.com/sites/dd,No
Portal_Content_01,sites/AnubhavTest1/Style Library/Media Player,xaml,xaml,ea274512-9f54-4128-8e9a-86df0c3dc4b9,AlternateMediaPlayer.xaml,52da7eb3-2b72-4c6c-b657-4aafda2bafd2,Features\MediaWebPart\AlternateMediaPlayer.xaml,https://intranet.poc.com/sites/AnubhavTest1,https://intranet.poc.com/,https://intranet.poc.com/sites/AnubhavTest1,No
Portal_Content_01,sites/vidhiTest10/Style Library/Media Player,xaml,xaml,3117e69b-e2e3-496d-8945-877fe832b9d6,AlternateMediaPlayer.xaml,cf37826f-c609-4a81-903c-6741177ad3df,Features\MediaWebPart\AlternateMediaPlayer.xaml,https://intranet.poc.com/sites/vidhiTest10,https://intranet.poc.com/,https://intranet.poc.com/sites/vidhiTest10,No
Portal_Content_01,sites/SampleApp6/Style Library/Media Player,xaml,xaml,3af2f5cf-4531-49f2-afe3-894fd2fd359e,AlternateMediaPlayer.xaml,dc64327e-1f1d-4913-98e8-5225a481fa85,Features\MediaWebPart\AlternateMediaPlayer.xaml,https://intranet.poc.com/sites/SampleApp6,https://intranet.poc.com/,https://intranet.poc.com/sites/SampleApp6,No
Portal_Content_01,sites/HariCT1/Style Library/Media Player,xaml,xaml,d36de755-fcb4-43ab-959a-8b046d47f843,AlternateMediaPlayer.xaml,b1eee69d-0582-4c8e-902b-b7cba098c5a6,Features\MediaWebPart\AlternateMediaPlayer.xaml,https://intranet.poc.com/sites/HariCT1,https://intranet.poc.com/,https://intranet.poc.com/sites/HariCT1,No
Portal_Content_01,sites/SiteDeletionTesting1/Style Library/Media Player,xaml,xaml,4198b26f-184f-49ec-904f-8bc598bc8b1b,AlternateMediaPlayer.xaml,02231fc7-f05f-47ec-b454-16ead7bdc165,Features\MediaWebPart\AlternateMediaPlayer.xaml,https://intranet.poc.com/sites/SiteDeletionTesting1,https://intranet.poc.com/,https://intranet.poc.com/sites/SiteDeletionTesting1,No
Portal_Content_01,sites/TestContentTypesRemovalPublishing/Style Library/Media Player,xaml,xaml,ad7d545a-7bcc-455d-946b-8c518961f0f9,AlternateMediaPlayer.xaml,95df848f-e904-4f7e-b70a-bf22ff1e3248,Features\MediaWebPart\AlternateMediaPlayer.xaml,https://intranet.poc.com/sites/TestContentTypesRemovalPublishing,https://intranet.poc.com/,https://intranet.poc.com/sites/TestContentTypesRemovalPublishing,No
Portal_Content_01,sites/SampleApp5/Style Library/Media Player,xaml,xaml,1748b014-6641-4962-bf3e-8e973a2dd18b,AlternateMediaPlayer.xaml,06ce995e-c7e0-40ec-b6a0-6388583ed03f,Features\MediaWebPart\AlternateMediaPlayer.xaml,https://intranet.poc.com/sites/SampleApp5,https://intranet.poc.com/,https://intranet.poc.com/sites/SampleApp5,No
Portal_Content_01,sites/TestContosoPublishingSite/Style Library/Media Player,xaml,xaml,576537ca-b0fe-406a-8dff-8f36fa08e5d6,AlternateMediaPlayer.xaml,03fc748e-9e83-4579-8c31-286c99abdb6b,Features\MediaWebPart\AlternateMediaPlayer.xaml,https://intranet.poc.com/sites/TestContosoPublishingSite,https://intranet.poc.com/,https://intranet.poc.com/sites/TestContosoPublishingSite,No
Portal_Content_01,sites/SiteDeletionTesting9/Style Library/Media Player,xaml,xaml,cc86fbff-47f6-4661-8466-8fb674ee48bb,AlternateMediaPlayer.xaml,24cbcd53-465d-49ef-8d73-d5058b2eba05,Features\MediaWebPart\AlternateMediaPlayer.xaml,https://intranet.poc.com/sites/SiteDeletionTesting9,https://intranet.poc.com/,https://intranet.poc.com/sites/SiteDeletionTesting9,No
Portal_Content_01,sites/vidhiTest/Style Library/Media Player,xaml,xaml,c4d79d4c-ac1b-4fb8-89e9-9249d34b5c76,AlternateMediaPlayer.xaml,206715a6-c819-4e79-b6dc-3fa053e1d1dc,Features\MediaWebPart\AlternateMediaPlayer.xaml,https://intranet.poc.com/sites/vidhiTest,https://intranet.poc.com/,https://intranet.poc.com/sites/vidhiTest,No
Portal_Content_01,sites/delSite1/wfsvc/71cd62782eeb44e787da7236c4b6d8d6,,,4c951b50-8a4a-4642-a292-938535029e92,ItemUpdatedAssociation,83b9615a-c85f-4016-91d9-3c2cb530154c,Features\CustomWorkflowProject_Feature1\ListWorflow\ItemUpdatedAssociation,https://intranet.poc.com/sites/delSite1,https://intranet.poc.com/,https://intranet.poc.com/sites/delSite1,Yes
Portal_Content_01,sites/DiscoveryTool/wfsvc/2840ada569ca40519569c393fc0efe75,,,2fd4ee4d-a221-4177-8f56-9503f71cd9cf,ItemUpdatedAssociation,a0c7b5df-b858-4eb7-bf40-ceaa08d860da,Features\CustomWFVS_Feature1\WorkflowVS\ItemUpdatedAssociation,https://intranet.poc.com/sites/DiscoveryTool,https://intranet.poc.com/,https://intranet.poc.com/sites/DiscoveryTool,Yes
Portal_Content_01,sites/rajapp/Style Library/Media Player,xaml,xaml,e4735f8a-5b9a-409a-b1c7-975f753114dc,AlternateMediaPlayer.xaml,081a0e33-1db1-47a7-b269-5f52f2aded12,Features\MediaWebPart\AlternateMediaPlayer.xaml,https://intranet.poc.com/sites/rajapp,https://intranet.poc.com/,https://intranet.poc.com/sites/rajapp,No
Portal_Content_01,sites/SiteDeletionTesting4/Style Library/Media Player,xaml,xaml,9d0988aa-36c4-473d-af18-9c17960ed325,AlternateMediaPlayer.xaml,aacf8ba4-7964-4316-8bff-bffb0b9cd09a,Features\MediaWebPart\AlternateMediaPlayer.xaml,https://intranet.poc.com/sites/SiteDeletionTesting4,https://intranet.poc.com/,https://intranet.poc.com/sites/SiteDeletionTesting4,No
Portal_Content_01,sites/vidhiTest9/Style Library/Media Player,xaml,xaml,a28587e0-b15b-4210-85db-9cd4595dc68e,AlternateMediaPlayer.xaml,5a60f40d-3d28-4c18-afb5-d921f8c2f0e2,Features\MediaWebPart\AlternateMediaPlayer.xaml,https://intranet.poc.com/sites/vidhiTest9,https://intranet.poc.com/,https://intranet.poc.com/sites/vidhiTest9,No
Portal_Content_01,sites/vidTest/Style Library/Media Player,xaml,xaml,28e8f20e-3742-48a9-8b3f-9e24f69d5876,AlternateMediaPlayer.xaml,85420e88-406f-47c6-9522-0a6cf9f247a9,Features\MediaWebPart\AlternateMediaPlayer.xaml,https://intranet.poc.com/sites/vidTest,https://intranet.poc.com/,https://intranet.poc.com/sites/vidTest,No
Portal_Content_01,sites/TeamSite/Style Library/Media Player,xaml,xaml,503f6a56-4d76-4019-a0dd-9e4803f4adcb,AlternateMediaPlayer.xaml,b5066e1b-a2d9-46de-b9d2-6dd4f0f894ec,Features\MediaWebPart\AlternateMediaPlayer.xaml,https://intranet.poc.com/sites/TeamSite,https://intranet.poc.com/,https://intranet.poc.com/sites/TeamSite,No
Portal_Content_01,sites/RajTeam4/Style Library/Media Player,xaml,xaml,7c64008b-50ab-407b-9000-a0a326e4e8c9,AlternateMediaPlayer.xaml,9b4bd4f7-62fc-4a42-b0d0-8508ae3f3fa0,Features\MediaWebPart\AlternateMediaPlayer.xaml,https://intranet.poc.com/sites/RajTeam4,https://intranet.poc.com/,https://intranet.poc.com/sites/RajTeam4,No
Portal_Content_01,sites/vidsTest/Style Library/Media Player,xaml,xaml,3352ebb7-de6c-4ab7-9bbe-a7cf1c0bca16,AlternateMediaPlayer.xaml,fed0ebc9-11d0-4450-9f3c-a25d9049661c,Features\MediaWebPart\AlternateMediaPlayer.xaml,https://intranet.poc.com/sites/vidsTest,https://intranet.poc.com/,https://intranet.poc.com/sites/vidsTest,No
Portal_Content_01,Style Library/Media Player,xaml,xaml,0fd219fd-d6c7-4e1d-9325-a87536f50ef1,AlternateMediaPlayer.xaml,cb16eefb-f8d7-4513-80a9-cb2dff51a09a,Features\MediaWebPart\AlternateMediaPlayer.xaml,https://intranet.poc.com/,https://intranet.poc.com/,https://intranet.poc.com/,No
Portal_Content_01,sites/TestContentType5/Style Library/Media Player,xaml,xaml,fef85676-5ea4-46d1-b087-a94e52b541cb,AlternateMediaPlayer.xaml,b8c0c899-e541-46f9-9f07-3312e234815e,Features\MediaWebPart\AlternateMediaPlayer.xaml,https://intranet.poc.com/sites/TestContentType5,https://intranet.poc.com/,https://intranet.poc.com/sites/TestContentType5,No
Portal_Content_01,sites/Test1/Style Library/Media Player,xaml,xaml,f845ae07-cc70-4bf6-bb33-a9c530b76712,AlternateMediaPlayer.xaml,ae5f9aed-37a1-4b17-89af-625378ee9197,Features\MediaWebPart\AlternateMediaPlayer.xaml,https://intranet.poc.com/sites/Test1,https://intranet.poc.com/,https://intranet.poc.com/sites/Test1,No
Portal_Content_01,sites/vidhiTest11/Style Library/Media Player,xaml,xaml,095e9d64-7d4c-49ee-96e2-aadac9371e5e,AlternateMediaPlayer.xaml,e2c5b166-c22f-4322-a21c-745c306438fc,Features\MediaWebPart\AlternateMediaPlayer.xaml,https://intranet.poc.com/sites/vidhiTest11,https://intranet.poc.com/,https://intranet.poc.com/sites/vidhiTest11,No
Portal_Content_01,sites/SudhaField1/Style Library/Media Player,xaml,xaml,321a73ec-fb44-4ff8-9daa-abf20158dd0d,AlternateMediaPlayer.xaml,61c8561a-05a9-4e90-9cbd-710371dae8ee,Features\MediaWebPart\AlternateMediaPlayer.xaml,https://intranet.poc.com/sites/SudhaField1,https://intranet.poc.com/,https://intranet.poc.com/sites/SudhaField1,No
Portal_Content_01,sites/PocContosoTeamSite/Style Library/Media Player,xaml,xaml,7232f279-7cb3-4ac0-a5d7-adb8155d9f00,AlternateMediaPlayer.xaml,504482ae-c9f1-4a57-b201-72801c414d8d,Features\MediaWebPart\AlternateMediaPlayer.xaml,https://intranet.poc.com/sites/PocContosoTeamSite,https://intranet.poc.com/,https://intranet.poc.com/sites/PocContosoTeamSite,No
Portal_Content_01,sites/SiteDeletionTesting2/Style Library/Media Player,xaml,xaml,94596f17-e260-4060-a4a3-ade1173af0bd,AlternateMediaPlayer.xaml,97ef5489-580f-4bdd-b7f1-6052d8fdc333,Features\MediaWebPart\AlternateMediaPlayer.xaml,https://intranet.poc.com/sites/SiteDeletionTesting2,https://intranet.poc.com/,https://intranet.poc.com/sites/SiteDeletionTesting2,No
Portal_Content_01,sites/vsdtest/Style Library/Media Player,xaml,xaml,62a58b7f-01b5-4c92-a259-b1b6a1737daf,AlternateMediaPlayer.xaml,8359526c-2b3e-47fb-a87c-ce66b1d4a64a,Features\MediaWebPart\AlternateMediaPlayer.xaml,https://intranet.poc.com/sites/vsdtest,https://intranet.poc.com/,https://intranet.poc.com/sites/vsdtest,No
Portal_Content_01,sites/Anubhav_4Feb_2016_2/Style Library/Media Player,xaml,xaml,8e8fcdb3-bbbb-4f85-bbe0-b52ef3c81863,AlternateMediaPlayer.xaml,3d840bef-33cf-4edc-966e-ff1713d9b8ba,Features\MediaWebPart\AlternateMediaPlayer.xaml,https://intranet.poc.com/sites/Anubhav_4Feb_2016_2,https://intranet.poc.com/,https://intranet.poc.com/sites/Anubhav_4Feb_2016_2,No
Portal_Content_01,sites/VK113055/Style Library/Media Player,xaml,xaml,553a041d-2ff3-4410-be11-bbd2398a665d,AlternateMediaPlayer.xaml,8ec04ab8-7c2b-486d-9e88-3b1f37144632,Features\MediaWebPart\AlternateMediaPlayer.xaml,https://intranet.poc.com/sites/VK113055,https://intranet.poc.com/,https://intranet.poc.com/sites/VK113055,No
Portal_Content_01,sites/hg/Style Library/Media Player,xaml,xaml,5d58e532-f021-4634-80a3-be5724a237a3,AlternateMediaPlayer.xaml,5ee2bbad-7425-4eaf-9d1b-9f2f29979e3c,Features\MediaWebPart\AlternateMediaPlayer.xaml,https://intranet.poc.com/sites/hg,https://intranet.poc.com/,https://intranet.poc.com/sites/hg,No
Portal_Content_01,sites/SampleApp2/Style Library/Media Player,xaml,xaml,35d93431-a8b7-4ab2-ae5f-bec2885a27d8,AlternateMediaPlayer.xaml,e4679b87-3cc1-4314-b23a-2b2d53986a33,Features\MediaWebPart\AlternateMediaPlayer.xaml,https://intranet.poc.com/sites/SampleApp2,https://intranet.poc.com/,https://intranet.poc.com/sites/SampleApp2,No
Portal_Content_01,sites/DiscoveryTool/Style Library/Media Player,xaml,xaml,f5a9fca8-f37a-48c1-9dc2-c2ae44d6a5f7,AlternateMediaPlayer.xaml,d2eae5e5-c523-49bb-9508-94d668a19296,Features\MediaWebPart\AlternateMediaPlayer.xaml,https://intranet.poc.com/sites/DiscoveryTool,https://intranet.poc.com/,https://intranet.poc.com/sites/DiscoveryTool,No
Portal_Content_01,sites/delSite1/Style Library/Media Player,xaml,xaml,d0ef64d0-9660-4107-8953-c38f95d1f5dc,AlternateMediaPlayer.xaml,23a913dd-f428-491c-b4f6-b252969c6f64,Features\MediaWebPart\AlternateMediaPlayer.xaml,https://intranet.poc.com/sites/delSite1,https://intranet.poc.com/,https://intranet.poc.com/sites/delSite1,No
Portal_Content_01,sites/delVidhiTest2/Style Library/Media Player,xaml,xaml,bc0baa76-83cf-40ff-a576-c5c3828da511,AlternateMediaPlayer.xaml,31505aff-c230-4a87-8a54-f33fa2489cbc,Features\MediaWebPart\AlternateMediaPlayer.xaml,https://intranet.poc.com/sites/delVidhiTest2,https://intranet.poc.com/,https://intranet.poc.com/sites/delVidhiTest2,No
Portal_Content_01,sites/vidhitest8/Style Library/Media Player,xaml,xaml,0a8c112c-f314-41ba-8712-c7a05af29b71,AlternateMediaPlayer.xaml,b589e3b7-9104-4fc9-9d37-0f5333bc57bb,Features\MediaWebPart\AlternateMediaPlayer.xaml,https://intranet.poc.com/sites/vidhitest8,https://intranet.poc.com/,https://intranet.poc.com/sites/vidhitest8,No
Portal_Content_01,sites/div/Style Library/Media Player,xaml,xaml,d8a37555-1da6-468b-b8e6-c9c9ad5a9e4b,AlternateMediaPlayer.xaml,bd8ad012-a29d-4509-beda-1e73ee8ca78e,Features\MediaWebPart\AlternateMediaPlayer.xaml,https://intranet.poc.com/sites/div,https://intranet.poc.com/,https://intranet.poc.com/sites/div,No
Portal_Content_01,sites/SiteDeletionTesting5/Style Library/Media Player,xaml,xaml,53b991c8-eb59-4d4b-bb8a-ca60cd9a990a,AlternateMediaPlayer.xaml,ebe7c99d-57af-4f6c-922e-e787806f55b2,Features\MediaWebPart\AlternateMediaPlayer.xaml,https://intranet.poc.com/sites/SiteDeletionTesting5,https://intranet.poc.com/,https://intranet.poc.com/sites/SiteDeletionTesting5,No
Portal_Content_01,sites/TestingUnghostingTool/Style Library/Media Player,xaml,xaml,09918d78-f52b-4364-8741-cae153b78343,AlternateMediaPlayer.xaml,1ac188be-484f-4c78-9334-dd5798662ad7,Features\MediaWebPart\AlternateMediaPlayer.xaml,https://intranet.poc.com/sites/TestingUnghostingTool,https://intranet.poc.com/,https://intranet.poc.com/sites/TestingUnghostingTool,No
Portal_Content_01,sites/GhostableContosoPublishingSite/Style Library/Media Player,xaml,xaml,ab84d497-b7de-4479-bbe8-cd6ef462c6eb,AlternateMediaPlayer.xaml,ea55f4c7-9693-4bea-8cec-6eb3e0c46fd0,Features\MediaWebPart\AlternateMediaPlayer.xaml,https://intranet.poc.com/sites/GhostableContosoPublishingSite,https://intranet.poc.com/,https://intranet.poc.com/sites/GhostableContosoPublishingSite,No
Portal_Content_01,sites/rajtest/Style Library/Media Player,xaml,xaml,a1e8864f-077c-4012-b982-d06ddf240992,AlternateMediaPlayer.xaml,5b21ce2f-0323-47e4-a1ad-b4d59d19a5eb,Features\MediaWebPart\AlternateMediaPlayer.xaml,https://intranet.poc.com/sites/rajtest,https://intranet.poc.com/,https://intranet.poc.com/sites/rajtest,No
Portal_Content_01,sites/SampleApp8/Style Library/Media Player,xaml,xaml,d2b031ed-ce40-4ccd-bb91-d1c99ef914c8,AlternateMediaPlayer.xaml,acc7d64d-8ea3-47ec-a3b5-4161bf9e08d0,Features\MediaWebPart\AlternateMediaPlayer.xaml,https://intranet.poc.com/sites/SampleApp8,https://intranet.poc.com/,https://intranet.poc.com/sites/SampleApp8,No
Portal_Content_01,sites/TestSearch/Style Library/Media Player,xaml,xaml,78ea60d5-b343-4e72-a3d2-d3b78cc569f6,AlternateMediaPlayer.xaml,595687ac-4f41-46c1-b2d6-03514cace556,Features\MediaWebPart\AlternateMediaPlayer.xaml,https://intranet.poc.com/sites/TestSearch,https://intranet.poc.com/,https://intranet.poc.com/sites/TestSearch,No
Portal_Content_01,sites/ListForm/Style Library/Media Player,xaml,xaml,741bd9b9-1cf0-42cf-adfc-d42178a01f5e,AlternateMediaPlayer.xaml,f6fb396a-2ed1-4af2-b903-8e528e2d5007,Features\MediaWebPart\AlternateMediaPlayer.xaml,https://intranet.poc.com/sites/ListForm,https://intranet.poc.com/,https://intranet.poc.com/sites/ListForm,No
Portal_Content_01,sites/TestSiteForWebPartTransformationToolEnterprise/Style Library/Media Player,xaml,xaml,29e6a4b1-e1ba-47b9-aae9-d8954531b0ef,AlternateMediaPlayer.xaml,c30c49b9-f2a8-48fc-a850-84e68ee8d27a,Features\MediaWebPart\AlternateMediaPlayer.xaml,https://intranet.poc.com/sites/TestSiteForWebPartTransformationToolEnterprise,https://intranet.poc.com/,https://intranet.poc.com/sites/TestSiteForWebPartTransformationToolEnterprise,No
Portal_Content_01,sites/TestListContentType4/Style Library/Media Player,xaml,xaml,74eaecd8-e1b5-4449-b338-d924e3595a78,AlternateMediaPlayer.xaml,b29c19f0-3e7f-4f45-b830-223f7d54b011,Features\MediaWebPart\AlternateMediaPlayer.xaml,https://intranet.poc.com/sites/TestListContentType4,https://intranet.poc.com/,https://intranet.poc.com/sites/TestListContentType4,No
Portal_Content_01,sites/SiteDeletionTesting3/Style Library/Media Player,xaml,xaml,dce718ec-513e-4f8d-843b-d9c6a39c19c9,AlternateMediaPlayer.xaml,d596a818-d5d2-42fb-ac29-4350a52ef7b0,Features\MediaWebPart\AlternateMediaPlayer.xaml,https://intranet.poc.com/sites/SiteDeletionTesting3,https://intranet.poc.com/,https://intranet.poc.com/sites/SiteDeletionTesting3,No
Portal_Content_01,sites/TestSiteDev/Style Library/Media Player,xaml,xaml,5f8b57c4-f479-4e3a-8155-da6e349ec560,AlternateMediaPlayer.xaml,9b37f7b3-ab5d-4d64-8103-cf0d4c52422d,Features\MediaWebPart\AlternateMediaPlayer.xaml,https://intranet.poc.com/sites/TestSiteDev,https://intranet.poc.com/,https://intranet.poc.com/sites/TestSiteDev,No
Portal_Content_01,sites/rajko/Style Library/Media Player,xaml,xaml,7ffadf7f-f367-4ab7-9c22-dca540bdf068,AlternateMediaPlayer.xaml,846d7087-76e7-496f-87bf-47d7d48a621c,Features\MediaWebPart\AlternateMediaPlayer.xaml,https://intranet.poc.com/sites/rajko,https://intranet.poc.com/,https://intranet.poc.com/sites/rajko,No
Portal_Content_01,sites/vidhiTest6/Style Library/Media Player,xaml,xaml,3e316522-66fa-45f7-8aa4-df238680ea56,AlternateMediaPlayer.xaml,0d0e1f91-b594-401d-ba14-6b8b3eeb7e88,Features\MediaWebPart\AlternateMediaPlayer.xaml,https://intranet.poc.com/sites/vidhiTest6,https://intranet.poc.com/,https://intranet.poc.com/sites/vidhiTest6,No
Portal_Content_01,sites/testPublishing/Style Library/Media Player,xaml,xaml,c9a682e1-67a5-4353-b62c-df6b164b8cb8,AlternateMediaPlayer.xaml,3da52977-ce54-4aaa-8d95-35f79f37da59,Features\MediaWebPart\AlternateMediaPlayer.xaml,https://intranet.poc.com/sites/testPublishing,https://intranet.poc.com/,https://intranet.poc.com/sites/testPublishing,No
Portal_Content_01,sites/DemoContosoPublishing/Style Library/Media Player,xaml,xaml,6ed4bcd5-4a60-4db8-bd4d-e458febfc796,AlternateMediaPlayer.xaml,2ed2bdb6-3c75-43a7-bffd-c657d2a2c9f3,Features\MediaWebPart\AlternateMediaPlayer.xaml,https://intranet.poc.com/sites/DemoContosoPublishing,https://intranet.poc.com/,https://intranet.poc.com/sites/DemoContosoPublishing,No
Portal_Content_01,sites/TestcontosopublishingsiteForTransformationUnghostTools/Style Library/Media Player,xaml,xaml,b877ec85-cb7b-4c89-8b62-e5d2561a9d87,AlternateMediaPlayer.xaml,23da6726-2b9a-4644-b481-15186937827e,Features\MediaWebPart\AlternateMediaPlayer.xaml,https://intranet.poc.com/sites/TestcontosopublishingsiteForTransformationUnghostTools,https://intranet.poc.com/,https://intranet.poc.com/sites/TestcontosopublishingsiteForTransformationUnghostTools,No
Portal_Content_01,sites/SampleApp9/Style Library/Media Player,xaml,xaml,f6d91dd7-fa9f-4263-a631-e946e3dbc289,AlternateMediaPlayer.xaml,769ee546-261d-47ec-ac8b-d01c10c34359,Features\MediaWebPart\AlternateMediaPlayer.xaml,https://intranet.poc.com/sites/SampleApp9,https://intranet.poc.com/,https://intranet.poc.com/sites/SampleApp9,No
Portal_Content_01,sites/RajTest1/Style Library/Media Player,xaml,xaml,3e6cdc13-fbaf-4f2b-8f69-e957a2e57713,AlternateMediaPlayer.xaml,5699bf1b-787f-4dc0-99e2-1e517748d863,Features\MediaWebPart\AlternateMediaPlayer.xaml,https://intranet.poc.com/sites/RajTest1,https://intranet.poc.com/,https://intranet.poc.com/sites/RajTest1,No
Portal_Content_01,sites/PnPValidation/Style Library/Media Player,xaml,xaml,d69912b4-a800-4b98-b3d8-e9670f04f929,AlternateMediaPlayer.xaml,337bc128-e87f-4f19-83ec-831f5a2dcecb,Features\MediaWebPart\AlternateMediaPlayer.xaml,https://intranet.poc.com/sites/PnPValidation,https://intranet.poc.com/,https://intranet.poc.com/sites/PnPValidation,No
Portal_Content_01,sites/TestContosoTeamSite/Style Library/Media Player,xaml,xaml,c7edaebd-12c0-451a-b86a-e99380e04e0a,AlternateMediaPlayer.xaml,9ff094f3-b5ee-4898-80a2-13b7b71e8ce5,Features\MediaWebPart\AlternateMediaPlayer.xaml,https://intranet.poc.com/sites/TestContosoTeamSite,https://intranet.poc.com/,https://intranet.poc.com/sites/TestContosoTeamSite,No
Portal_Content_01,sites/ListFormDemo/Style Library/Media Player,xaml,xaml,dc0c19e6-4ff1-4ee1-a842-e9f22311cf35,AlternateMediaPlayer.xaml,48cd84f9-ef88-4eef-93b4-c9eb2907992f,Features\MediaWebPart\AlternateMediaPlayer.xaml,https://intranet.poc.com/sites/ListFormDemo,https://intranet.poc.com/,https://intranet.poc.com/sites/ListFormDemo,No
Portal_Content_01,sites/vidhiTest12/Style Library/Media Player,xaml,xaml,ba88825b-88e7-461c-9744-ea7e63c71a50,AlternateMediaPlayer.xaml,bc8d607d-4d86-489d-901e-19e1ea3c89b1,Features\MediaWebPart\AlternateMediaPlayer.xaml,https://intranet.poc.com/sites/vidhiTest12,https://intranet.poc.com/,https://intranet.poc.com/sites/vidhiTest12,No
Portal_Content_01,sites/eDiscoveryCenter/Style Library/Media Player,xaml,xaml,dec3334f-eae0-4498-8efb-ed05dbd5f015,AlternateMediaPlayer.xaml,77c42a6b-3971-4419-b09f-074d7e2001b0,Features\MediaWebPart\AlternateMediaPlayer.xaml,https://intranet.poc.com/sites/eDiscoveryCenter,https://intranet.poc.com/,https://intranet.poc.com/sites/eDiscoveryCenter,No
Portal_Content_01,sites/df/Style Library/Media Player,xaml,xaml,79c26536-5efd-4edc-993f-f3cc6876f5fd,AlternateMediaPlayer.xaml,4212bb4b-1176-401c-a500-db4fe91ab201,Features\MediaWebPart\AlternateMediaPlayer.xaml,https://intranet.poc.com/sites/df,https://intranet.poc.com/,https://intranet.poc.com/sites/df,No
Portal_Content_01,sites/delSite1/wfsvc/71cd62782eeb44e787da7236c4b6d8d6,,,43f791f6-a2a2-46b4-b1f1-f401fad4302c,ItemAddedAssociation,83b9615a-c85f-4016-91d9-3c2cb530154c,Features\CustomWorkflowProject_Feature1\ListWorflow\ItemAddedAssociation,https://intranet.poc.com/sites/delSite1,https://intranet.poc.com/,https://intranet.poc.com/sites/delSite1,Yes
Portal_Content_01,sites/SampleApp7/Style Library/Media Player,xaml,xaml,8ae53d4a-026a-41e0-8569-f5849ecbba2c,AlternateMediaPlayer.xaml,75a81879-4e52-4a86-917f-66da4d411a3d,Features\MediaWebPart\AlternateMediaPlayer.xaml,https://intranet.poc.com/sites/SampleApp7,https://intranet.poc.com/,https://intranet.poc.com/sites/SampleApp7,No
Portal_Content_01,sites/TestSiteForWebPartTransformationToolEnterpriseWiki/Style Library/Media Player,xaml,xaml,5e7746b8-6505-491b-a9d3-f5b6e0006b54,AlternateMediaPlayer.xaml,edd2f0f3-0d0d-4485-ab2b-eae71dd7591e,Features\MediaWebPart\AlternateMediaPlayer.xaml,https://intranet.poc.com/sites/TestSiteForWebPartTransformationToolEnterpriseWiki,https://intranet.poc.com/,https://intranet.poc.com/sites/TestSiteForWebPartTransformationToolEnterpriseWiki,No
Portal_Content_01,sites/ListTask/Style Library/Media Player,xaml,xaml,b0ac90ff-692d-4e47-95a7-fb215ae8f655,AlternateMediaPlayer.xaml,2ee827e0-4a54-4f75-80ce-3260d5cb2706,Features\MediaWebPart\AlternateMediaPlayer.xaml,https://intranet.poc.com/sites/ListTask,https://intranet.poc.com/,https://intranet.poc.com/sites/ListTask,No
Portal_Content_01,sites/vTest/Style Library/Media Player,xaml,xaml,9d103d96-9455-492b-94d0-fe6400a09328,AlternateMediaPlayer.xaml,9692f68f-bb31-4840-9709-37e41eb0e6a0,Features\MediaWebPart\AlternateMediaPlayer.xaml,https://intranet.poc.com/sites/vTest,https://intranet.poc.com/,https://intranet.poc.com/sites/vTest,No
Portal_Content_01,sites/testSite/Style Library/Media Player,xaml,xaml,b7f32980-e3a3-4b9a-b31f-ffe7b665e577,AlternateMediaPlayer.xaml,4c367938-04b2-44eb-8f6f-5a284c042ea9,Features\MediaWebPart\AlternateMediaPlayer.xaml,https://intranet.poc.com/sites/testSite,https://intranet.poc.com/,https://intranet.poc.com/sites/testSite,No
Portal_Content_02,sites/DcDemo2/Style Library/Media Player,xaml,xaml,21869e5c-6a42-4eac-a19e-044855cfec27,AlternateMediaPlayer.xaml,b68baf99-9385-4b74-9805-0cb5881c9a9a,Features\MediaWebPart\AlternateMediaPlayer.xaml,https://intranet.poc.com/sites/DcDemo2,https://intranet.poc.com/,https://intranet.poc.com/sites/DcDemo2,No
Portal_Content_02,sites/HariCust1/Style Library/Media Player,xaml,xaml,4766a50d-0f97-4df4-ad10-06b211568b5f,AlternateMediaPlayer.xaml,015bbfee-4c6b-499a-9a64-77f32fc9570e,Features\MediaWebPart\AlternateMediaPlayer.xaml,https://intranet.poc.com/sites/HariCust1,https://intranet.poc.com/,https://intranet.poc.com/sites/HariCust1,No
Portal_Content_02,sites/TestPubSite/wfsvc/2840ada569ca40519569c393fc0efe75,,,a9a1ec18-95c8-4ece-8c79-0b00eabbca1d,WorkflowStartAssociation,bf3aa636-5eef-4cec-843b-f7660275b544,Features\CustomWFVS_Feature1\WorkflowVS\WorkflowStartAssociation,https://intranet.poc.com/sites/TestPubSite,https://intranet.poc.com/,https://intranet.poc.com/sites/TestPubSite,Yes
Portal_Content_02,sites/RestrictedSite/Style Library/Media Player,xaml,xaml,5cf34b31-4427-496f-b276-0e457905c796,AlternateMediaPlayer.xaml,1c9ed0d7-2317-4b8f-b683-0537280cfdee,Features\MediaWebPart\AlternateMediaPlayer.xaml,https://intranet.poc.com/sites/RestrictedSite,https://intranet.poc.com/,https://intranet.poc.com/sites/RestrictedSite,No
Portal_Content_02,sites/DcCenterSC1/Style Library/Media Player,xaml,xaml,c9a54faf-cb94-4c63-8ca5-19efad3c1a63,AlternateMediaPlayer.xaml,322cf1d8-404c-4869-a45b-a0f74c433db1,Features\MediaWebPart\AlternateMediaPlayer.xaml,https://intranet.poc.com/sites/DcCenterSC1,https://intranet.poc.com/,https://intranet.poc.com/sites/DcCenterSC1,No
Portal_Content_02,sites/DemoSite1/Style Library/Media Player,xaml,xaml,6cdfd979-3fc6-443d-a8b3-1b4a0dfedb44,AlternateMediaPlayer.xaml,834eaab9-2a7f-42c8-bb25-2bda76a4f0f2,Features\MediaWebPart\AlternateMediaPlayer.xaml,https://intranet.poc.com/sites/DemoSite1,https://intranet.poc.com/,https://intranet.poc.com/sites/DemoSite1,No
Portal_Content_02,sites/PriyaTestSC/Style Library/Media Player,xaml,xaml,5d75c710-b3a9-41ae-be41-1dde7c37c12e,AlternateMediaPlayer.xaml,29e5fd2d-bb8a-49e4-abc5-737cbcfc45ea,Features\MediaWebPart\AlternateMediaPlayer.xaml,https://intranet.poc.com/sites/PriyaTestSC,https://intranet.poc.com/,https://intranet.poc.com/sites/PriyaTestSC,No
Portal_Content_02,sites/CTERTesting/Style Library/Media Player,xaml,xaml,bed6c813-2213-465e-90d3-2d3091a5d3c3,AlternateMediaPlayer.xaml,f94694ec-db3c-475f-83e0-4a305b518475,Features\MediaWebPart\AlternateMediaPlayer.xaml,https://intranet.poc.com/sites/CTERTesting,https://intranet.poc.com/,https://intranet.poc.com/sites/CTERTesting,No
Portal_Content_02,sites/PriyaTestSiteTemplate/Style Library/Media Player,xaml,xaml,a7447ad7-4623-479d-9bfa-2ee8e5494685,AlternateMediaPlayer.xaml,e13ee395-ab19-4de5-ae29-2b995cae7def,Features\MediaWebPart\AlternateMediaPlayer.xaml,https://intranet.poc.com/sites/PriyaTestSiteTemplate,https://intranet.poc.com/,https://intranet.poc.com/sites/PriyaTestSiteTemplate,No
Portal_Content_02,sites/PriyaTestSC2/Style Library/Media Player,xaml,xaml,b414469a-a37a-4c6f-942a-326313999820,AlternateMediaPlayer.xaml,46b3859a-698e-4b05-869c-d1913d7bd838,Features\MediaWebPart\AlternateMediaPlayer.xaml,https://intranet.poc.com/sites/PriyaTestSC2,https://intranet.poc.com/,https://intranet.poc.com/sites/PriyaTestSC2,No
Portal_Content_02,sites/ShellPoc/Style Library/Media Player,xaml,xaml,2cd5f837-a95a-44c0-ba10-36c70a170e71,AlternateMediaPlayer.xaml,2597ddd4-a10a-476b-96e6-5cd80a65407b,Features\MediaWebPart\AlternateMediaPlayer.xaml,https://intranet.poc.com/sites/ShellPoc,https://intranet.poc.com/,https://intranet.poc.com/sites/ShellPoc,No
Portal_Content_02,development/RashBIC/Style Library/Media Player,xaml,xaml,ee87e8c8-46fa-43c5-8984-39416e7500d2,AlternateMediaPlayer.xaml,ab79660c-579e-4a86-a1ae-3c4f3e32a97b,Features\MediaWebPart\AlternateMediaPlayer.xaml,https://intranet.poc.com/development/RashBIC,https://intranet.poc.com/,https://intranet.poc.com/development/RashBIC,No
Portal_Content_02,sites/ContentTypeCheck/Style Library/Media Player,xaml,xaml,db99d86e-98ec-41af-a933-41457a7ff3c5,AlternateMediaPlayer.xaml,cb9ea060-88de-42a0-b0ff-ff4f2c6e8481,Features\MediaWebPart\AlternateMediaPlayer.xaml,https://intranet.poc.com/sites/ContentTypeCheck,https://intranet.poc.com/,https://intranet.poc.com/sites/ContentTypeCheck,No
Portal_Content_02,sites/PriyaTestSC1/Style Library/Media Player,xaml,xaml,5acdb887-109a-4275-b9ad-445f2aad5230,AlternateMediaPlayer.xaml,fe7525a0-fae5-4e09-9855-f3997e857ee1,Features\MediaWebPart\AlternateMediaPlayer.xaml,https://intranet.poc.com/sites/PriyaTestSC1,https://intranet.poc.com/,https://intranet.poc.com/sites/PriyaTestSC1,No
Portal_Content_02,sites/DcDemo3/Style Library/Media Player,xaml,xaml,29324b6b-33e6-4d23-bb40-47c124240f97,AlternateMediaPlayer.xaml,b79b3ac1-91f1-47cd-a66a-a859a996c3a8,Features\MediaWebPart\AlternateMediaPlayer.xaml,https://intranet.poc.com/sites/DcDemo3,https://intranet.poc.com/,https://intranet.poc.com/sites/DcDemo3,No
Portal_Content_02,development/RashDev/Style Library/Media Player,xaml,xaml,782965f3-bc83-462a-b279-53547a6de654,AlternateMediaPlayer.xaml,d4cda0a9-6bb1-4c4f-b027-a00f59b2152c,Features\MediaWebPart\AlternateMediaPlayer.xaml,https://intranet.poc.com/development/RashDev,https://intranet.poc.com/,https://intranet.poc.com/development/RashDev,No
Portal_Content_02,sites/Hari1/Style Library/Media Player,xaml,xaml,18fd73f8-fad7-4097-88b8-54c96bf05942,AlternateMediaPlayer.xaml,e7630428-eaf7-468c-876c-2677cd007d0d,Features\MediaWebPart\AlternateMediaPlayer.xaml,https://intranet.poc.com/sites/Hari1,https://intranet.poc.com/,https://intranet.poc.com/sites/Hari1,No
Portal_Content_02,sites/WebPartPubSite/Style Library/Media Player,xaml,xaml,5839ea7d-f52d-4c0b-97ff-5ab2682ab093,AlternateMediaPlayer.xaml,5cd43176-ed45-4d9a-b034-f6b1edc6f45e,Features\MediaWebPart\AlternateMediaPlayer.xaml,https://intranet.poc.com/sites/WebPartPubSite,https://intranet.poc.com/,https://intranet.poc.com/sites/WebPartPubSite,No
Portal_Content_02,sites/HariPoc2/Style Library/Media Player,xaml,xaml,44284704-8fd3-4f27-9989-6349760c90c5,AlternateMediaPlayer.xaml,57845033-a9f5-43aa-8573-dd6ea4c7ee61,Features\MediaWebPart\AlternateMediaPlayer.xaml,https://intranet.poc.com/sites/HariPoc2,https://intranet.poc.com/,https://intranet.poc.com/sites/HariPoc2,No
Portal_Content_02,sites/PriyaTestWF/Style Library/Media Player,xaml,xaml,def5c462-0309-4cf3-a40e-66b6e17dd1e3,AlternateMediaPlayer.xaml,79aa27ca-a1be-4e94-9a06-fcca526e3ab1,Features\MediaWebPart\AlternateMediaPlayer.xaml,https://intranet.poc.com/sites/PriyaTestWF,https://intranet.poc.com/,https://intranet.poc.com/sites/PriyaTestWF,No
Portal_Content_02,sites/HariPOCTest1/Style Library/Media Player,xaml,xaml,cbce601f-3b89-4ede-b79f-7b9d44bdaad1,AlternateMediaPlayer.xaml,96379be1-6c80-4b29-8726-f26d8f6e6913,Features\MediaWebPart\AlternateMediaPlayer.xaml,https://intranet.poc.com/sites/HariPOCTest1,https://intranet.poc.com/,https://intranet.poc.com/sites/HariPOCTest1,No
Portal_Content_02,sites/TestPubSite/wfsvc/2840ada569ca40519569c393fc0efe75,xaml,xaml,7dd1b176-6676-4955-b930-7f44d511d9ee,Workflow.xaml,bf3aa636-5eef-4cec-843b-f7660275b544,Features\CustomWFVS_Feature1\WorkflowVS\Workflow.xaml,https://intranet.poc.com/sites/TestPubSite,https://intranet.poc.com/,https://intranet.poc.com/sites/TestPubSite,Yes
Portal_Content_02,sites/AnubhavDocCenter/Style Library/Media Player,xaml,xaml,713eb47f-a857-4b6b-ba19-80f7f040b8f1,AlternateMediaPlayer.xaml,48095bdb-4cd6-4429-8be6-0f46e4a220ba,Features\MediaWebPart\AlternateMediaPlayer.xaml,https://intranet.poc.com/sites/AnubhavDocCenter,https://intranet.poc.com/,https://intranet.poc.com/sites/AnubhavDocCenter,No
Portal_Content_02,sites/PriyaFeatureTest/Style Library/Media Player,xaml,xaml,c9b1c143-7c8e-40d9-9853-869419c5d973,AlternateMediaPlayer.xaml,3a48d1ff-1201-4ee7-b467-714555c44928,Features\MediaWebPart\AlternateMediaPlayer.xaml,https://intranet.poc.com/sites/PriyaFeatureTest,https://intranet.poc.com/,https://intranet.poc.com/sites/PriyaFeatureTest,No
Portal_Content_02,sites/ertest/Style Library/Media Player,xaml,xaml,a53e5eb0-2fe7-4812-91f1-997273df1b99,AlternateMediaPlayer.xaml,21c6b200-efcc-434c-81d2-5571b90ac74f,Features\MediaWebPart\AlternateMediaPlayer.xaml,https://intranet.poc.com/sites/ertest,https://intranet.poc.com/,https://intranet.poc.com/sites/ertest,No
Portal_Content_02,sites/WorkflowDemo1/Style Library/Media Player,xaml,xaml,66f1d412-7967-459b-995a-9b2badecfcd6,AlternateMediaPlayer.xaml,ac4f2d7f-88ac-49b4-8917-56cbc6e0609f,Features\MediaWebPart\AlternateMediaPlayer.xaml,https://intranet.poc.com/sites/WorkflowDemo1,https://intranet.poc.com/,https://intranet.poc.com/sites/WorkflowDemo1,No
Portal_Content_02,sites/TestingJDP/Style Library/Media Player,xaml,xaml,ae8b719b-8909-43cf-bf6b-9f00e5153d32,AlternateMediaPlayer.xaml,8c0e562e-4793-4b55-b625-4b8dc6e68657,Features\MediaWebPart\AlternateMediaPlayer.xaml,https://intranet.poc.com/sites/TestingJDP,https://intranet.poc.com/,https://intranet.poc.com/sites/TestingJDP,No
Portal_Content_02,sites/WebPartTeamSite/Style Library/Media Player,xaml,xaml,9b9ccabc-d248-4cbf-81ce-a2a6e64f4a17,AlternateMediaPlayer.xaml,367c7c3c-6729-4226-8a8f-906eeb31250d,Features\MediaWebPart\AlternateMediaPlayer.xaml,https://intranet.poc.com/sites/WebPartTeamSite,https://intranet.poc.com/,https://intranet.poc.com/sites/WebPartTeamSite,No
Portal_Content_02,sites/HariTesting1/Style Library/Media Player,xaml,xaml,d57a2da8-aa46-47c2-94fd-a6d42b0e70a9,AlternateMediaPlayer.xaml,8ddb3239-c572-41cd-a4be-a3937f4fc0bb,Features\MediaWebPart\AlternateMediaPlayer.xaml,https://intranet.poc.com/sites/HariTesting1,https://intranet.poc.com/,https://intranet.poc.com/sites/HariTesting1,No
Portal_Content_02,sites/HariEdoc1/Style Library/Media Player,xaml,xaml,4ff7be8e-27fe-47da-8f0c-a8843ca1954b,AlternateMediaPlayer.xaml,f216c176-ec3e-4042-99cd-1e9ffea267fd,Features\MediaWebPart\AlternateMediaPlayer.xaml,https://intranet.poc.com/sites/HariEdoc1,https://intranet.poc.com/,https://intranet.poc.com/sites/HariEdoc1,No
Portal_Content_02,WhiteListedSandBoxSolutions/Style Library/Media Player,xaml,xaml,f93215fa-7b07-44c3-91f7-aa1ce74b9a1b,AlternateMediaPlayer.xaml,805911de-b942-4ae5-baf7-e539d6d6620c,Features\MediaWebPart\AlternateMediaPlayer.xaml,https://intranet.poc.com/WhiteListedSandBoxSolutions,https://intranet.poc.com/,https://intranet.poc.com/WhiteListedSandBoxSolutions,No
Portal_Content_02,sites/TestPubSite/Style Library/Media Player,xaml,xaml,94778cc4-f251-4a74-9bb8-ab0661e09ded,AlternateMediaPlayer.xaml,d48e9406-2636-44d0-b297-181311bacd7e,Features\MediaWebPart\AlternateMediaPlayer.xaml,https://intranet.poc.com/sites/TestPubSite,https://intranet.poc.com/,https://intranet.poc.com/sites/TestPubSite,No
Portal_Content_02,sites/DcDemo1/Style Library/Media Player,xaml,xaml,def3d085-c0ac-404a-baa8-ada7ba55f5d8,AlternateMediaPlayer.xaml,1da4b0f2-0ab4-4aa3-a51c-6985c5bdbeb6,Features\MediaWebPart\AlternateMediaPlayer.xaml,https://intranet.poc.com/sites/DcDemo1,https://intranet.poc.com/,https://intranet.poc.com/sites/DcDemo1,No
Portal_Content_02,sites/DocCenterSC/Style Library/Media Player,xaml,xaml,2f6e3cf2-08b2-4503-a2d2-b56f700c4052,AlternateMediaPlayer.xaml,4d42e33b-11f5-4bc1-8319-de18ea63244b,Features\MediaWebPart\AlternateMediaPlayer.xaml,https://intranet.poc.com/sites/DocCenterSC,https://intranet.poc.com/,https://intranet.poc.com/sites/DocCenterSC,No
Portal_Content_02,sites/AnubhavDocCenter3/Style Library/Media Player,xaml,xaml,7e302576-7831-4dad-8733-bba0a5c9b676,AlternateMediaPlayer.xaml,19454c82-6cb2-4e34-8237-a6a18775ebd2,Features\MediaWebPart\AlternateMediaPlayer.xaml,https://intranet.poc.com/sites/AnubhavDocCenter3,https://intranet.poc.com/,https://intranet.poc.com/sites/AnubhavDocCenter3,No
Portal_Content_02,sites/Hyattt-Testing/Style Library/Media Player,xaml,xaml,2eb08499-d3b9-4c67-a2b2-d063f76701ad,AlternateMediaPlayer.xaml,d55d3da9-a4eb-4e0f-8455-68c602aa5f47,Features\MediaWebPart\AlternateMediaPlayer.xaml,https://intranet.poc.com/sites/Hyattt-Testing,https://intranet.poc.com/,https://intranet.poc.com/sites/Hyattt-Testing,No
Portal_Content_02,sites/ShellWspTesting/Style Library/Media Player,xaml,xaml,4c86e606-fc89-404a-aa80-d104c80cca84,AlternateMediaPlayer.xaml,48c15c44-08ae-4180-bb98-649db1048f38,Features\MediaWebPart\AlternateMediaPlayer.xaml,https://intranet.poc.com/sites/ShellWspTesting,https://intranet.poc.com/,https://intranet.poc.com/sites/ShellWspTesting,No
Portal_Content_02,sites/Testh/Style Library/Media Player,xaml,xaml,c5716b2a-41f1-4344-b898-d5295ee2c0ca,AlternateMediaPlayer.xaml,2d48a0c4-007e-4610-9561-b5d8176e30fd,Features\MediaWebPart\AlternateMediaPlayer.xaml,https://intranet.poc.com/sites/Testh,https://intranet.poc.com/,https://intranet.poc.com/sites/Testh,No
Portal_Content_02,sites/DemoSite2/Style Library/Media Player,xaml,xaml,1d4b373c-116e-4930-b2d6-dd061274c203,AlternateMediaPlayer.xaml,490f6440-0df8-4575-bd85-1c2e1f21602a,Features\MediaWebPart\AlternateMediaPlayer.xaml,https://intranet.poc.com/sites/DemoSite2,https://intranet.poc.com/,https://intranet.poc.com/sites/DemoSite2,No
Portal_Content_02,sites/PriyaTest2/Style Library/Media Player,xaml,xaml,78857227-0cc9-4d73-8d4c-df586f2e5abe,AlternateMediaPlayer.xaml,ccf98833-b4a5-4eea-a49d-6a7850cb8fde,Features\MediaWebPart\AlternateMediaPlayer.xaml,https://intranet.poc.com/sites/PriyaTest2,https://intranet.poc.com/,https://intranet.poc.com/sites/PriyaTest2,No
Portal_Content_02,sites/Shell1/Style Library/Media Player,xaml,xaml,09b00c16-e836-4a32-aa62-e766518e4b2d,AlternateMediaPlayer.xaml,4b8ab3df-c3be-471e-a1a4-f110c609c1ab,Features\MediaWebPart\AlternateMediaPlayer.xaml,https://intranet.poc.com/sites/Shell1,https://intranet.poc.com/,https://intranet.poc.com/sites/Shell1,No
Portal_Content_02,sites/TestContosoTeamSite_bckup2/Style Library/Media Player,xaml,xaml,c7edaebd-12c0-451a-b86a-e99380e04e0a,AlternateMediaPlayer.xaml,9ff094f3-b5ee-4898-80a2-13b7b71e8ce5,Features\MediaWebPart\AlternateMediaPlayer.xaml,https://intranet.poc.com/sites/TestContosoTeamSite_bckup2,https://intranet.poc.com/,https://intranet.poc.com/sites/TestContosoTeamSite_bckup2,No
Portal_Content_02,sites/PriyaTest1/Style Library/Media Player,xaml,xaml,0752af8e-670f-4329-8e36-edcd12c6a4c6,AlternateMediaPlayer.xaml,4f3a6e2e-2168-4192-94af-57c4deedff66,Features\MediaWebPart\AlternateMediaPlayer.xaml,https://intranet.poc.com/sites/PriyaTest1,https://intranet.poc.com/,https://intranet.poc.com/sites/PriyaTest1,No
Portal_Content_02,personal/PubRash/Style Library/Media Player,xaml,xaml,32f00748-e2d5-4950-97ec-f074150ddd3a,AlternateMediaPlayer.xaml,2ea2afe2-d1b8-4665-93d1-19854e3f60d7,Features\MediaWebPart\AlternateMediaPlayer.xaml,https://intranet.poc.com/personal/PubRash,https://intranet.poc.com/,https://intranet.poc.com/personal/PubRash,No
Portal_Content_02,sites/AnubhavDocCenter2/Style Library/Media Player,xaml,xaml,0cd0798a-e79c-4a4c-a09e-f26e02c84c17,AlternateMediaPlayer.xaml,e5397836-878d-4afc-83f3-f08849e2036c,Features\MediaWebPart\AlternateMediaPlayer.xaml,https://intranet.poc.com/sites/AnubhavDocCenter2,https://intranet.poc.com/,https://intranet.poc.com/sites/AnubhavDocCenter2,No
Portal_Content_02,sites/RashBlog/Style Library/Media Player,xaml,xaml,73b62e8c-add0-4917-87f5-f8182e5434f6,AlternateMediaPlayer.xaml,cedec86d-c783-424d-b5d0-c85b0296e7fc,Features\MediaWebPart\AlternateMediaPlayer.xaml,https://intranet.poc.com/sites/RashBlog,https://intranet.poc.com/,https://intranet.poc.com/sites/RashBlog,No
My_Content_01,sites/mysite/personal/TestIPForm/Style Library/Media Player,xaml,xaml,6b6121b4-b85c-4a75-8538-5bcf1a60f789,AlternateMediaPlayer.xaml,0c8f5de7-76fc-4e4e-b5df-682c7dfa3ac8,Features\MediaWebPart\AlternateMediaPlayer.xaml,https://mysite.poc.com/sites/mysite/personal/TestIPForm,https://mysite.poc.com/,https://mysite.poc.com/sites/mysite/personal/TestIPForm,No
My_Content_02,WhiteListedSandBoxSolutions/Style Library/Media Player,xaml,xaml,1716fa99-49d7-4ea7-af76-86bd03cad0d3,AlternateMediaPlayer.xaml,2aba0601-d68f-419d-ba88-5bd1c066b5c0,Features\MediaWebPart\AlternateMediaPlayer.xaml,https://mysite.poc.com/WhiteListedSandBoxSolutions,https://mysite.poc.com/,https://mysite.poc.com/WhiteListedSandBoxSolutions,No
PPE_Partner_Content_01,Style Library/Media Player,xaml,xaml,ca37ddb2-e861-4c57-89a8-4d6faf82c13a,AlternateMediaPlayer.xaml,414188e1-af89-41ac-a242-51cad9c30e47,Features\MediaWebPart\AlternateMediaPlayer.xaml,https://partner.poc.com/,https://partner.poc.com/,https://partner.poc.com/,No
PPE_Partner_Content_01,WhiteListedSandBoxSolutions/Style Library/Media Player,xaml,xaml,bf3ecc03-1be9-4794-a266-7b3c2abc4328,AlternateMediaPlayer.xaml,140abcee-d32f-4b4f-92a6-35cbd56dbaea,Features\MediaWebPart\AlternateMediaPlayer.xaml,https://partner.poc.com/WhiteListedSandBoxSolutions,https://partner.poc.com/,https://partner.poc.com/WhiteListedSandBoxSolutions,No
PPE_Partner_Content_01,sites/Test1/Style Library/Media Player,xaml,xaml,5f0a80aa-8b63-4a4a-90b4-7d971c3e8c13,AlternateMediaPlayer.xaml,f4fd8cbf-25c4-4dea-9685-36d12e46e718,Features\MediaWebPart\AlternateMediaPlayer.xaml,https://partner.poc.com/sites/Test1,https://partner.poc.com/,https://partner.poc.com/sites/Test1,No
Team_Content_01,sites/DTTesting/Style Library/Media Player,xaml,xaml,4ab68d09-8b4e-4a30-86cf-0824082558c4,AlternateMediaPlayer.xaml,59a2a6ac-a9e6-4eb2-8fc1-976eb288d8db,Features\MediaWebPart\AlternateMediaPlayer.xaml,https://teams.poc.com/sites/DTTesting,https://teams.poc.com/,https://teams.poc.com/sites/DTTesting,No
Team_Content_01,sites/DeleteSite1/Style Library/Media Player,xaml,xaml,ac8582aa-81d1-46c5-ba5e-0b75ebb89b64,AlternateMediaPlayer.xaml,02d377ba-d8e3-462e-a09e-2375ec2a9cca,Features\MediaWebPart\AlternateMediaPlayer.xaml,https://teams.poc.com/sites/DeleteSite1,https://teams.poc.com/,https://teams.poc.com/sites/DeleteSite1,No
Team_Content_01,sites/TestingTeamSite/Style Library/Media Player,xaml,xaml,c3287fe3-0cdd-4c06-9998-0be45e2cd35b,AlternateMediaPlayer.xaml,eeef90fe-6f91-4078-a7a0-04c4a88bc7f9,Features\MediaWebPart\AlternateMediaPlayer.xaml,https://teams.poc.com/sites/TestingTeamSite,https://teams.poc.com/,https://teams.poc.com/sites/TestingTeamSite,No
Team_Content_01,sites/PMTTestPSONE/Style Library/Media Player,xaml,xaml,aeb1dbde-6b0e-4272-91f7-1648ef49101a,AlternateMediaPlayer.xaml,c880b653-0aaf-45dc-8895-0e37469b44ba,Features\MediaWebPart\AlternateMediaPlayer.xaml,https://teams.poc.com/sites/PMTTestPSONE,https://teams.poc.com/,https://teams.poc.com/sites/PMTTestPSONE,No
Team_Content_01,sites/CAM/Style Library/Media Player,xaml,xaml,2b1f5e2d-f075-4504-b90e-16a0deaf52cc,AlternateMediaPlayer.xaml,bb397122-8107-4b06-a49b-bced410d2f7b,Features\MediaWebPart\AlternateMediaPlayer.xaml,https://teams.poc.com/sites/CAM,https://teams.poc.com/,https://teams.poc.com/sites/CAM,No
Team_Content_01,sites/rajdev/Style Library/Media Player,xaml,xaml,f51bba17-e248-4ee7-b8bd-2745d76c59d6,AlternateMediaPlayer.xaml,2fe61f44-52f1-44e6-841f-91284e9d1933,Features\MediaWebPart\AlternateMediaPlayer.xaml,https://teams.poc.com/sites/rajdev,https://teams.poc.com/,https://teams.poc.com/sites/rajdev,No
Team_Content_01,sites/ProvisioningOnPremise/Style Library/Media Player,xaml,xaml,7f9c43cd-94a6-410c-8c2c-2a49654c4881,AlternateMediaPlayer.xaml,c817e5df-9c75-4723-99da-4e8d8d26594b,Features\MediaWebPart\AlternateMediaPlayer.xaml,https://teams.poc.com/sites/ProvisioningOnPremise,https://teams.poc.com/,https://teams.poc.com/sites/ProvisioningOnPremise,No
Team_Content_01,o365admin/Style Library/Media Player,xaml,xaml,edf4f53d-3a2a-4366-8d62-33001b6773e1,AlternateMediaPlayer.xaml,820cf509-ba9d-43ff-9adf-30da0bca3d2e,Features\MediaWebPart\AlternateMediaPlayer.xaml,https://teams.poc.com/o365admin,https://teams.poc.com/,https://teams.poc.com/o365admin,No
Team_Content_01,sites/delSite2/Style Library/Media Player,xaml,xaml,4b7a6fd4-95e8-44a6-8443-347af03ee614,AlternateMediaPlayer.xaml,aca45d58-4965-40b5-8e3e-9c514f05e694,Features\MediaWebPart\AlternateMediaPlayer.xaml,https://teams.poc.com/sites/delSite2,https://teams.poc.com/,https://teams.poc.com/sites/delSite2,No
Team_Content_01,sites/divHA/Style Library/Media Player,xaml,xaml,d4baabcb-e52f-4b70-8b35-349b667a2642,AlternateMediaPlayer.xaml,5d86b29a-878a-41be-b696-fc76cab4197d,Features\MediaWebPart\AlternateMediaPlayer.xaml,https://teams.poc.com/sites/divHA,https://teams.poc.com/,https://teams.poc.com/sites/divHA,No
Team_Content_01,sites/TestInfoPath/Style Library/Media Player,xaml,xaml,b81d4f42-70f8-4c22-89c2-3619eec4ff74,AlternateMediaPlayer.xaml,471cf68d-6b07-4431-92c1-ce9c83b8743b,Features\MediaWebPart\AlternateMediaPlayer.xaml,https://teams.poc.com/sites/TestInfoPath,https://teams.poc.com/,https://teams.poc.com/sites/TestInfoPath,No
Team_Content_01,sites/test/Style Library/Media Player,xaml,xaml,16c83e38-3eed-4b75-affc-368d1feb7dd9,AlternateMediaPlayer.xaml,636b698c-d138-4b5a-9d4e-4e2c512c3c5b,Features\MediaWebPart\AlternateMediaPlayer.xaml,https://teams.poc.com/sites/test,https://teams.poc.com/,https://teams.poc.com/sites/test,No
Team_Content_01,personal/ads_brownda/Style Library/Media Player,xaml,xaml,f60e38c9-b68f-4372-a43d-393b3c826516,AlternateMediaPlayer.xaml,57af5795-56a7-46dd-99ad-b0f4c7971321,Features\MediaWebPart\AlternateMediaPlayer.xaml,https://teams.poc.com/personal/ads_brownda,https://teams.poc.com/,https://teams.poc.com/personal/ads_brownda,No
Team_Content_01,sites/devcenter1/Style Library/Media Player,xaml,xaml,ada2d003-35c8-4851-84cf-3a32efe26616,AlternateMediaPlayer.xaml,a22f848d-40ea-4441-96cd-2aa2ee8e8531,Features\MediaWebPart\AlternateMediaPlayer.xaml,https://teams.poc.com/sites/devcenter1,https://teams.poc.com/,https://teams.poc.com/sites/devcenter1,No
Team_Content_01,sites/PreMTListDelTest/Style Library/Media Player,xaml,xaml,5c6477e3-ab69-4798-bf24-3c732780d405,AlternateMediaPlayer.xaml,6c49506a-b318-4f84-8f9b-92c9dbf6b913,Features\MediaWebPart\AlternateMediaPlayer.xaml,https://teams.poc.com/sites/PreMTListDelTest,https://teams.poc.com/,https://teams.poc.com/sites/PreMTListDelTest,No
Team_Content_01,sites/Devcenter3/Style Library/Media Player,xaml,xaml,84e62155-b8a5-4eed-b361-3cfb4dd2fb6f,AlternateMediaPlayer.xaml,8cf062fc-54e8-4e98-b1b7-7a9b4705b3ac,Features\MediaWebPart\AlternateMediaPlayer.xaml,https://teams.poc.com/sites/Devcenter3,https://teams.poc.com/,https://teams.poc.com/sites/Devcenter3,No
Team_Content_01,sites/PnPValidation_SiteClassification/Style Library/Media Player,xaml,xaml,16e9c37b-07b2-4538-9b7b-51732204c75a,AlternateMediaPlayer.xaml,bd711dfe-6677-4150-847d-a5a2b33cadf8,Features\MediaWebPart\AlternateMediaPlayer.xaml,https://teams.poc.com/sites/PnPValidation_SiteClassification,https://teams.poc.com/,https://teams.poc.com/sites/PnPValidation_SiteClassification,No
Team_Content_01,sites/RashTeamSiteOne/Style Library/Media Player,xaml,xaml,9fd9542e-10a0-4c5e-afb9-545a58b72a4b,AlternateMediaPlayer.xaml,a3b3b9a7-8c74-4475-ad49-c7c4099152f7,Features\MediaWebPart\AlternateMediaPlayer.xaml,https://teams.poc.com/sites/RashTeamSiteOne,https://teams.poc.com/,https://teams.poc.com/sites/RashTeamSiteOne,No
Team_Content_01,sites/Test2/Style Library/Media Player,xaml,xaml,b45d5149-1d5b-42bf-805a-5ccd6d3bcfb1,AlternateMediaPlayer.xaml,96f0c599-ec06-43ad-a664-8dbc4e4323c1,Features\MediaWebPart\AlternateMediaPlayer.xaml,https://teams.poc.com/sites/Test2,https://teams.poc.com/,https://teams.poc.com/sites/Test2,No
Team_Content_01,sites/TeamTestSite/Style Library/Media Player,xaml,xaml,6f302b98-268d-4fe3-8a88-6129dd32bf51,AlternateMediaPlayer.xaml,ff4f643e-af77-4e92-a189-34bd9f37eaaf,Features\MediaWebPart\AlternateMediaPlayer.xaml,https://teams.poc.com/sites/TeamTestSite,https://teams.poc.com/,https://teams.poc.com/sites/TeamTestSite,No
Team_Content_01,sites/TestSC2/Style Library/Media Player,xaml,xaml,7a6310a3-f4f0-484c-a0d2-716ee13abf4f,AlternateMediaPlayer.xaml,b9673ca6-735c-42df-8b3c-234460760517,Features\MediaWebPart\AlternateMediaPlayer.xaml,https://teams.poc.com/sites/TestSC2,https://teams.poc.com/,https://teams.poc.com/sites/TestSC2,No
Team_Content_01,sites/PreMTListDeleteTest/Style Library/Media Player,xaml,xaml,7212e3fd-2b91-4b30-b365-727e967371d0,AlternateMediaPlayer.xaml,8c049e1d-d2d3-4a10-bbd2-953dc757e359,Features\MediaWebPart\AlternateMediaPlayer.xaml,https://teams.poc.com/sites/PreMTListDeleteTest,https://teams.poc.com/,https://teams.poc.com/sites/PreMTListDeleteTest,No
Team_Content_01,sites/HariCTFIX1/Style Library/Media Player,xaml,xaml,08ff7003-0423-4605-95b5-760ce5674f40,AlternateMediaPlayer.xaml,4f775402-305a-4922-b1a2-25349d892794,Features\MediaWebPart\AlternateMediaPlayer.xaml,https://teams.poc.com/sites/HariCTFIX1,https://teams.poc.com/,https://teams.poc.com/sites/HariCTFIX1,No
Team_Content_01,sites/DeployFiles/Style Library/Media Player,xaml,xaml,0636673f-19b0-46dd-8f2a-83f5caac52e5,AlternateMediaPlayer.xaml,16962819-a487-4d47-b047-852d00a0428d,Features\MediaWebPart\AlternateMediaPlayer.xaml,https://teams.poc.com/sites/DeployFiles,https://teams.poc.com/,https://teams.poc.com/sites/DeployFiles,No
Team_Content_01,sites/DevSiteForApps/Style Library/Media Player,xaml,xaml,172a4a41-ffd6-455f-9c72-847f0d9f9ef9,AlternateMediaPlayer.xaml,688d4e38-9a1f-4f84-9de1-19c6c3d4f1ec,Features\MediaWebPart\AlternateMediaPlayer.xaml,https://teams.poc.com/sites/DevSiteForApps,https://teams.poc.com/,https://teams.poc.com/sites/DevSiteForApps,No
Team_Content_01,sites/delSite1/Style Library/Media Player,xaml,xaml,591a5b2e-8158-4adc-af86-8b5d4bbda0f9,AlternateMediaPlayer.xaml,1274c96b-4693-44aa-9616-3230f381c9da,Features\MediaWebPart\AlternateMediaPlayer.xaml,https://teams.poc.com/sites/delSite1,https://teams.poc.com/,https://teams.poc.com/sites/delSite1,No
Team_Content_01,sites/PMTTestTEamOne/Style Library/Media Player,xaml,xaml,89419f5e-e43e-46d9-beb1-8bbf7e36af87,AlternateMediaPlayer.xaml,cfbdb0b4-10b4-4024-9aa3-d3e216675672,Features\MediaWebPart\AlternateMediaPlayer.xaml,https://teams.poc.com/sites/PMTTestTEamOne,https://teams.poc.com/,https://teams.poc.com/sites/PMTTestTEamOne,No
Team_Content_01,sites/appdev/Style Library/Media Player,xaml,xaml,d0aa54e9-54a5-4a16-9991-8f5a8dfac41c,AlternateMediaPlayer.xaml,b0bdd843-e9fb-41be-b2c6-a48365e5d08e,Features\MediaWebPart\AlternateMediaPlayer.xaml,https://teams.poc.com/sites/appdev,https://teams.poc.com/,https://teams.poc.com/sites/appdev,No
Team_Content_01,sites/TestIPForm/Style Library/Media Player,xaml,xaml,cf16c864-657d-47ec-9e6c-bf08d578247a,AlternateMediaPlayer.xaml,0d9ce0f5-eabc-4381-9a28-7340516ba359,Features\MediaWebPart\AlternateMediaPlayer.xaml,https://teams.poc.com/sites/TestIPForm,https://teams.poc.com/,https://teams.poc.com/sites/TestIPForm,No
Team_Content_01,sites/PnPValidation/Style Library/Media Player,xaml,xaml,06f60c4e-3794-470f-9045-c1386fe2d146,AlternateMediaPlayer.xaml,a0c753e9-b471-454b-a82b-ab2357a93eac,Features\MediaWebPart\AlternateMediaPlayer.xaml,https://teams.poc.com/sites/PnPValidation,https://teams.poc.com/,https://teams.poc.com/sites/PnPValidation,No
Team_Content_01,sites/searchcenter/Style Library/Media Player,xaml,xaml,052ae244-485a-457a-8f99-c6654e6fc1b8,AlternateMediaPlayer.xaml,5b153548-d283-420c-b58e-e9c4c28352a2,Features\MediaWebPart\AlternateMediaPlayer.xaml,https://teams.poc.com/sites/searchcenter,https://teams.poc.com/,https://teams.poc.com/sites/searchcenter,No
Team_Content_01,sites/divTestSite/Style Library/Media Player,xaml,xaml,d74adbd0-59af-4700-913b-cb2c60a0bcab,AlternateMediaPlayer.xaml,fb852353-9284-4d5c-a3c4-d311ca0353ac,Features\MediaWebPart\AlternateMediaPlayer.xaml,https://teams.poc.com/sites/divTestSite,https://teams.poc.com/,https://teams.poc.com/sites/divTestSite,No
Team_Content_01,sites/DeploymentBackupSite/Style Library/Media Player,xaml,xaml,0f40b885-2bdf-4632-834c-cdfd9549574e,AlternateMediaPlayer.xaml,0df36063-cc23-4d7f-9733-59c1bf0031fc,Features\MediaWebPart\AlternateMediaPlayer.xaml,https://teams.poc.com/sites/DeploymentBackupSite,https://teams.poc.com/,https://teams.poc.com/sites/DeploymentBackupSite,No
Team_Content_01,sites/contenthub/Style Library/Media Player,xaml,xaml,1524b60c-f778-4865-9097-d4c457cf2313,AlternateMediaPlayer.xaml,66c1e7cf-eaf4-44f1-9b4f-af358043ace6,Features\MediaWebPart\AlternateMediaPlayer.xaml,https://teams.poc.com/sites/contenthub,https://teams.poc.com/,https://teams.poc.com/sites/contenthub,No
Team_Content_01,sites/RashDevSiteOne/Style Library/Media Player,xaml,xaml,f7cde984-14e6-45ff-99a2-e68b15087130,AlternateMediaPlayer.xaml,420dd878-c484-401c-a0b3-a1cf98530f45,Features\MediaWebPart\AlternateMediaPlayer.xaml,https://teams.poc.com/sites/RashDevSiteOne,https://teams.poc.com/,https://teams.poc.com/sites/RashDevSiteOne,No
Team_Content_01,sites/PreMtTesting/Style Library/Media Player,xaml,xaml,6e8dce27-7b94-44fd-b54c-ec6b3b5b8372,AlternateMediaPlayer.xaml,b021e808-9dea-49e7-b4fe-22674fe963ce,Features\MediaWebPart\AlternateMediaPlayer.xaml,https://teams.poc.com/sites/PreMtTesting,https://teams.poc.com/,https://teams.poc.com/sites/PreMtTesting,No
Team_Content_01,sites/SampleApp3/Style Library/Media Player,xaml,xaml,5effa0dd-b93b-4bd7-b21f-ed659bfb5954,AlternateMediaPlayer.xaml,b490574a-a7d5-42e9-853c-2448a8a4580a,Features\MediaWebPart\AlternateMediaPlayer.xaml,https://teams.poc.com/sites/SampleApp3,https://teams.poc.com/,https://teams.poc.com/sites/SampleApp3,No
Team_Content_01,sites/HariCTTest/Style Library/Media Player,xaml,xaml,a2051e1c-8de0-4cc2-bc43-ee44109fe870,AlternateMediaPlayer.xaml,ce18821c-2364-45c4-83c3-f80f3c929fe9,Features\MediaWebPart\AlternateMediaPlayer.xaml,https://teams.poc.com/sites/HariCTTest,https://teams.poc.com/,https://teams.poc.com/sites/HariCTTest,No
Team_Content_01,Style Library/Media Player,xaml,xaml,3e0b97c9-6870-4fce-8b71-f4b14e41e0d1,AlternateMediaPlayer.xaml,cf23eab0-e2bd-45ff-9ce9-9692b138a8dc,Features\MediaWebPart\AlternateMediaPlayer.xaml,https://teams.poc.com/,https://teams.poc.com/,https://teams.poc.com/,No
Team_Content_01,sites/deletesiteteamsite/Style Library/Media Player,xaml,xaml,0b901e75-087e-4d4b-ac2e-f50f3c23089a,AlternateMediaPlayer.xaml,c095c5bb-bb7a-47aa-a925-855fbbdad0b5,Features\MediaWebPart\AlternateMediaPlayer.xaml,https://teams.poc.com/sites/deletesiteteamsite,https://teams.poc.com/,https://teams.poc.com/sites/deletesiteteamsite,No
Team_Content_01,sites/devcenter/Style Library/Media Player,xaml,xaml,0bac4a45-0ea9-4070-9e2f-fc226990fc2f,AlternateMediaPlayer.xaml,4d879b1e-6ec6-42dc-a2a6-faf602c266fe,Features\MediaWebPart\AlternateMediaPlayer.xaml,https://teams.poc.com/sites/devcenter,https://teams.poc.com/,https://teams.poc.com/sites/devcenter,No
Team_Content_01,sites/HariWebsite/Style Library/Media Player,xaml,xaml,f8fc63a3-a564-48eb-8d25-fc3b46f223d6,AlternateMediaPlayer.xaml,895266d0-ec74-42eb-9a4e-e2704e78bd5e,Features\MediaWebPart\AlternateMediaPlayer.xaml,https://teams.poc.com/sites/HariWebsite,https://teams.poc.com/,https://teams.poc.com/sites/HariWebsite,No
Team_Content_New,sites/EvaluationSite/Style Library/Media Player,xaml,xaml,c121d4db-98e0-4986-8fd6-3ac53fb531d7,AlternateMediaPlayer.xaml,6b8ca21d-6b36-4621-9622-07beb0d74ae8,Features\PublishingResources\AlternateMediaPlayer.xaml,https://teams.poc.com/sites/EvaluationSite,https://teams.poc.com/,https://teams.poc.com/sites/EvaluationSite,No
Team_Content_New,sites/TestingJDP/Style Library/Media Player,xaml,xaml,b6671af5-d0ac-43ca-b100-5a7dd92ed384,AlternateMediaPlayer.xaml,78417868-a8a0-4552-9b46-8bf0cba70fb0,Features\MediaWebPart\AlternateMediaPlayer.xaml,https://teams.poc.com/sites/TestingJDP,https://teams.poc.com/,https://teams.poc.com/sites/TestingJDP,No
Team_Content_New,sites/ERDemo/Style Library/Media Player,xaml,xaml,62d71a47-4ae9-4123-81f4-7caf77bc9c19,AlternateMediaPlayer.xaml,2404cfe0-532d-434b-91f1-b028c3d7caad,Features\MediaWebPart\AlternateMediaPlayer.xaml,https://teams.poc.com/sites/ERDemo,https://teams.poc.com/,https://teams.poc.com/sites/ERDemo,No
Team_Content_New,sites/TestCustomPageLayoutsVidhi/Style Library/Media Player,xaml,xaml,440fb042-b0a3-412a-a978-a7d9e592c8b6,AlternateMediaPlayer.xaml,d8bea16f-7ca9-4c97-a615-afb58d0fcea7,Features\MediaWebPart\AlternateMediaPlayer.xaml,https://teams.poc.com/sites/TestCustomPageLayoutsVidhi,https://teams.poc.com/,https://teams.poc.com/sites/TestCustomPageLayoutsVidhi,No
Team_Content_New,sites/TestSiteTemplateVidhi/Style Library/Media Player,xaml,xaml,c01b7734-ec1b-463d-8a4b-aa81409fef5b,AlternateMediaPlayer.xaml,d76b5bce-555b-4fdb-8966-8015b5b8b8d1,Features\MediaWebPart\AlternateMediaPlayer.xaml,https://teams.poc.com/sites/TestSiteTemplateVidhi,https://teams.poc.com/,https://teams.poc.com/sites/TestSiteTemplateVidhi,No
Team_Content_New,sites/RashPublishing/Style Library/Media Player,xaml,xaml,350a0c6d-a24a-4417-b870-c35474caf8b5,AlternateMediaPlayer.xaml,aa915271-6eea-4bc1-a946-5abd0929ce20,Features\MediaWebPart\AlternateMediaPlayer.xaml,https://teams.poc.com/sites/RashPublishing,https://teams.poc.com/,https://teams.poc.com/sites/RashPublishing,No
Team_Content_New,sites/PriyaTest/Style Library/Media Player,xaml,xaml,019f7ecf-96d7-4b9a-8ecf-c6d59c410b83,AlternateMediaPlayer.xaml,f28b7af6-fea4-4842-9264-2c43ae2da2cc,Features\MediaWebPart\AlternateMediaPlayer.xaml,https://teams.poc.com/sites/PriyaTest,https://teams.poc.com/,https://teams.poc.com/sites/PriyaTest,No
Team_Content_New,sites/DocSiteSC/Style Library/Media Player,xaml,xaml,2a1cb71a-f273-44b3-851b-ccc5bd8fd7ac,AlternateMediaPlayer.xaml,8289fd99-4e42-4c2e-a74c-b05d10de1569,Features\MediaWebPart\AlternateMediaPlayer.xaml,https://teams.poc.com/sites/DocSiteSC,https://teams.poc.com/,https://teams.poc.com/sites/DocSiteSC,No
